INSERT INTO categories (catcode, parentcode, titles) VALUES ('home', 'home', '<?xml version="1.0" encoding="UTF-8"?>
<properties>
<property key="it">Generale</property>
<property key="en">All</property>
</properties>

');


INSERT INTO localstrings (keycode, langcode, stringvalue) VALUES ('PAGE', 'en', 'page');
INSERT INTO localstrings (keycode, langcode, stringvalue) VALUES ('PAGE', 'it', 'pagina');
INSERT INTO localstrings (keycode, langcode, stringvalue) VALUES ('PAGE_MODEL', 'en', 'page model');
INSERT INTO localstrings (keycode, langcode, stringvalue) VALUES ('PAGE_MODEL', 'it', 'modello pagina');
INSERT INTO localstrings (keycode, langcode, stringvalue) VALUES ('PAGE_TITLE', 'en', 'page title');
INSERT INTO localstrings (keycode, langcode, stringvalue) VALUES ('PAGE_TITLE', 'it', 'titolo pagina');
INSERT INTO localstrings (keycode, langcode, stringvalue) VALUES ('RESERVED_AREA', 'en', 'Please sign in');
INSERT INTO localstrings (keycode, langcode, stringvalue) VALUES ('RESERVED_AREA', 'it', 'È necessario autenticarsi');
INSERT INTO localstrings (keycode, langcode, stringvalue) VALUES ('USERNAME', 'en', 'Username');
INSERT INTO localstrings (keycode, langcode, stringvalue) VALUES ('USERNAME', 'it', 'Utente');
INSERT INTO localstrings (keycode, langcode, stringvalue) VALUES ('PASSWORD', 'en', 'Password');
INSERT INTO localstrings (keycode, langcode, stringvalue) VALUES ('PASSWORD', 'it', 'Password');
INSERT INTO localstrings (keycode, langcode, stringvalue) VALUES ('SIGNIN', 'en', 'Sign in');
INSERT INTO localstrings (keycode, langcode, stringvalue) VALUES ('SIGNIN', 'it', 'Entra');
INSERT INTO localstrings (keycode, langcode, stringvalue) VALUES ('WELCOME', 'en', 'Welcome');
INSERT INTO localstrings (keycode, langcode, stringvalue) VALUES ('WELCOME', 'it', 'Benvenuto');
INSERT INTO localstrings (keycode, langcode, stringvalue) VALUES ('USER_DATE_CREATION', 'en', 'Creation date');
INSERT INTO localstrings (keycode, langcode, stringvalue) VALUES ('USER_DATE_CREATION', 'it', 'Data creazione');
INSERT INTO localstrings (keycode, langcode, stringvalue) VALUES ('USER_DATE_ACCESS_LAST', 'en', 'Last access');
INSERT INTO localstrings (keycode, langcode, stringvalue) VALUES ('USER_DATE_ACCESS_LAST', 'it', 'Ultimo accesso');
INSERT INTO localstrings (keycode, langcode, stringvalue) VALUES ('USER_DATE_PASSWORD_CHANGE_LAST', 'en', 'Last change');
INSERT INTO localstrings (keycode, langcode, stringvalue) VALUES ('USER_DATE_PASSWORD_CHANGE_LAST', 'it', 'Ultimo cambio password');
INSERT INTO localstrings (keycode, langcode, stringvalue) VALUES ('LOGOUT', 'en', 'Logout');
INSERT INTO localstrings (keycode, langcode, stringvalue) VALUES ('LOGOUT', 'it', 'Logout');
INSERT INTO localstrings (keycode, langcode, stringvalue) VALUES ('USER_NOT_ALLOWED', 'en', 'User not allowed');
INSERT INTO localstrings (keycode, langcode, stringvalue) VALUES ('USER_NOT_ALLOWED', 'it', 'Utente non autorizzato');
INSERT INTO localstrings (keycode, langcode, stringvalue) VALUES ('PAGE_NOT_FOUND', 'en', 'Page not found');
INSERT INTO localstrings (keycode, langcode, stringvalue) VALUES ('PAGE_NOT_FOUND', 'it', 'Pagina non trovata');
INSERT INTO localstrings (keycode, langcode, stringvalue) VALUES ('GENERIC_ERROR', 'en', 'Generic Error');
INSERT INTO localstrings (keycode, langcode, stringvalue) VALUES ('GENERIC_ERROR', 'it', 'Errore Generico');
INSERT INTO localstrings (keycode, langcode, stringvalue) VALUES ('ADMINISTRATION_BASIC', 'it', 'Normale');
INSERT INTO localstrings (keycode, langcode, stringvalue) VALUES ('ADMINISTRATION_BASIC', 'en', 'Normal');
INSERT INTO localstrings (keycode, langcode, stringvalue) VALUES ('ADMINISTRATION_MINT', 'it', 'Avanzata');
INSERT INTO localstrings (keycode, langcode, stringvalue) VALUES ('ADMINISTRATION_MINT', 'en', 'Advanced');
INSERT INTO localstrings (keycode, langcode, stringvalue) VALUES ('ADMINISTRATION_BASIC_GOTO', 'it', 'Accedi con client normale');
INSERT INTO localstrings (keycode, langcode, stringvalue) VALUES ('ADMINISTRATION_BASIC_GOTO', 'en', 'Go to the administration with normal client');
INSERT INTO localstrings (keycode, langcode, stringvalue) VALUES ('ADMINISTRATION_MINT_GOTO', 'it', 'Accedi con client avanzato');
INSERT INTO localstrings (keycode, langcode, stringvalue) VALUES ('ADMINISTRATION_MINT_GOTO', 'en', 'Go to the administration with advanced client');
INSERT INTO localstrings (keycode, langcode, stringvalue) VALUES ('DATE_FROM', 'en', 'From');
INSERT INTO localstrings (keycode, langcode, stringvalue) VALUES ('DATE_FROM', 'it', 'Da');
INSERT INTO localstrings (keycode, langcode, stringvalue) VALUES ('DATE_TO', 'en', 'To');
INSERT INTO localstrings (keycode, langcode, stringvalue) VALUES ('DATE_TO', 'it', 'A');
INSERT INTO localstrings (keycode, langcode, stringvalue) VALUES ('TEXT', 'en', 'Text');
INSERT INTO localstrings (keycode, langcode, stringvalue) VALUES ('TEXT', 'it', 'Testo');
INSERT INTO localstrings (keycode, langcode, stringvalue) VALUES ('ALL', 'en', 'All');
INSERT INTO localstrings (keycode, langcode, stringvalue) VALUES ('ALL', 'it', 'Tutte');
INSERT INTO localstrings (keycode, langcode, stringvalue) VALUES ('NUMBER_FROM', 'en', 'From');
INSERT INTO localstrings (keycode, langcode, stringvalue) VALUES ('NUMBER_FROM', 'it', 'Da');
INSERT INTO localstrings (keycode, langcode, stringvalue) VALUES ('NUMBER_TO', 'en', 'To');
INSERT INTO localstrings (keycode, langcode, stringvalue) VALUES ('NUMBER_TO', 'it', 'A');
INSERT INTO localstrings (keycode, langcode, stringvalue) VALUES ('ENTANDO_API_RESOURCES', 'it', 'Risorse API');
INSERT INTO localstrings (keycode, langcode, stringvalue) VALUES ('ENTANDO_API_RESOURCES', 'en', 'API Resources');
INSERT INTO localstrings (keycode, langcode, stringvalue) VALUES ('ENTANDO_API_ERROR', 'it', 'Errore');
INSERT INTO localstrings (keycode, langcode, stringvalue) VALUES ('ENTANDO_API_ERROR', 'en', 'Errors');
INSERT INTO localstrings (keycode, langcode, stringvalue) VALUES ('ENTANDO_API_RESOURCE', 'it', 'Risorsa');
INSERT INTO localstrings (keycode, langcode, stringvalue) VALUES ('ENTANDO_API_RESOURCE', 'en', 'Resource');
INSERT INTO localstrings (keycode, langcode, stringvalue) VALUES ('ENTANDO_API_DESCRIPTION', 'it', 'Descrizione');
INSERT INTO localstrings (keycode, langcode, stringvalue) VALUES ('ENTANDO_API_DESCRIPTION', 'en', 'Description');
INSERT INTO localstrings (keycode, langcode, stringvalue) VALUES ('ENTANDO_API_GOTO_DETAILS', 'it', 'Vai al dettaglio');
INSERT INTO localstrings (keycode, langcode, stringvalue) VALUES ('ENTANDO_API_GOTO_DETAILS', 'en', 'Go to details');
INSERT INTO localstrings (keycode, langcode, stringvalue) VALUES ('ENTANDO_API_GOTO_SERVICE_LIST', 'it', 'Elenco Servizi API');
INSERT INTO localstrings (keycode, langcode, stringvalue) VALUES ('ENTANDO_API_GOTO_SERVICE_LIST', 'en', 'Service List');
INSERT INTO localstrings (keycode, langcode, stringvalue) VALUES ('ENTANDO_API_SERVICE', 'it', 'Servizio');
INSERT INTO localstrings (keycode, langcode, stringvalue) VALUES ('ENTANDO_API_SERVICE', 'en', 'Service');
INSERT INTO localstrings (keycode, langcode, stringvalue) VALUES ('ENTANDO_API_METHOD_STATUS_OFF', 'it', 'Non Attivo');
INSERT INTO localstrings (keycode, langcode, stringvalue) VALUES ('ENTANDO_API_METHOD_STATUS_OFF', 'en', 'Not Active');
INSERT INTO localstrings (keycode, langcode, stringvalue) VALUES ('ENTANDO_API_METHOD_STATUS_FREE', 'it', 'Attivo, Accesso Libero');
INSERT INTO localstrings (keycode, langcode, stringvalue) VALUES ('ENTANDO_API_METHOD_STATUS_FREE', 'en', 'Active, Free Access');
INSERT INTO localstrings (keycode, langcode, stringvalue) VALUES ('ENTANDO_API_METHOD_STATUS_AUTH', 'it', 'Attivo, Utenti Registrati');
INSERT INTO localstrings (keycode, langcode, stringvalue) VALUES ('ENTANDO_API_METHOD_STATUS_AUTH', 'en', 'Active, Registered Users');
INSERT INTO localstrings (keycode, langcode, stringvalue) VALUES ('ENTANDO_API_METHOD_STATUS_LOCK', 'it', 'Metodo Attivo, Utenti Registrati con Autorizzazione');
INSERT INTO localstrings (keycode, langcode, stringvalue) VALUES ('ENTANDO_API_METHOD_STATUS_LOCK', 'en', 'Active, Registered Users with Permission');
INSERT INTO localstrings (keycode, langcode, stringvalue) VALUES ('ENTANDO_API_METHOD_STATUS_NA', 'it', 'Metodo Non Disponibile');
INSERT INTO localstrings (keycode, langcode, stringvalue) VALUES ('ENTANDO_API_METHOD_STATUS_NA', 'en', 'Method Not Available');
INSERT INTO localstrings (keycode, langcode, stringvalue) VALUES ('ENTANDO_API_NO_RESOURCES', 'it', 'Non ci sono Risorse API disponibili.');
INSERT INTO localstrings (keycode, langcode, stringvalue) VALUES ('ENTANDO_API_NO_RESOURCES', 'en', 'No API Resources available at the moment.');
INSERT INTO localstrings (keycode, langcode, stringvalue) VALUES ('ENTANDO_API_TABLE_SUMMARY', 'it', 'La tabella elenaca le Risorse API disponibile nel sistema. Nome della risorsa, la sua descrizione e lo stato di ciascun metodo.');
INSERT INTO localstrings (keycode, langcode, stringvalue) VALUES ('ENTANDO_API_TABLE_SUMMARY', 'en', 'The table lists the API Resources available in the system. Method name, description, group and the status of each method.');
INSERT INTO localstrings (keycode, langcode, stringvalue) VALUES ('ENTANDO_API_RESOURCE_NAME', 'it', 'Nome');
INSERT INTO localstrings (keycode, langcode, stringvalue) VALUES ('ENTANDO_API_RESOURCE_NAME', 'en', 'Name');
INSERT INTO localstrings (keycode, langcode, stringvalue) VALUES ('ENTANDO_API_RESOURCE_NAMESPACE', 'it', 'Namespace');
INSERT INTO localstrings (keycode, langcode, stringvalue) VALUES ('ENTANDO_API_RESOURCE_NAMESPACE', 'en', 'Namespace');
INSERT INTO localstrings (keycode, langcode, stringvalue) VALUES ('ENTANDO_API_RESOURCE_SOURCE', 'it', 'Sorgente');
INSERT INTO localstrings (keycode, langcode, stringvalue) VALUES ('ENTANDO_API_RESOURCE_SOURCE', 'en', 'Source');
INSERT INTO localstrings (keycode, langcode, stringvalue) VALUES ('ENTANDO_API_RESOURCE_URI', 'it', 'URI');
INSERT INTO localstrings (keycode, langcode, stringvalue) VALUES ('ENTANDO_API_RESOURCE_URI', 'en', 'URI');
INSERT INTO localstrings (keycode, langcode, stringvalue) VALUES ('ENTANDO_API_EXTENSION', 'it', 'Estensione');
INSERT INTO localstrings (keycode, langcode, stringvalue) VALUES ('ENTANDO_API_EXTENSION', 'en', 'Extension');
INSERT INTO localstrings (keycode, langcode, stringvalue) VALUES ('ENTANDO_API_EXTENSION_NOTE', 'it', '''.xml'' per la risposta in formato xml e ''.json'' per la risposta in formato json.');
INSERT INTO localstrings (keycode, langcode, stringvalue) VALUES ('ENTANDO_API_EXTENSION_NOTE', 'en', '''.xml'' for response in xml format and ''.json'' for json.');
INSERT INTO localstrings (keycode, langcode, stringvalue) VALUES ('ENTANDO_API_METHOD_KO', 'it', 'Non disponibile');
INSERT INTO localstrings (keycode, langcode, stringvalue) VALUES ('ENTANDO_API_METHOD_KO', 'en', 'Not available');
INSERT INTO localstrings (keycode, langcode, stringvalue) VALUES ('ENTANDO_API_METHOD', 'it', 'Metodo');
INSERT INTO localstrings (keycode, langcode, stringvalue) VALUES ('ENTANDO_API_METHOD', 'en', 'Method');
INSERT INTO localstrings (keycode, langcode, stringvalue) VALUES ('ENTANDO_API_METHOD_OK', 'it', 'Disponibile');
INSERT INTO localstrings (keycode, langcode, stringvalue) VALUES ('ENTANDO_API_METHOD_OK', 'en', 'Available');
INSERT INTO localstrings (keycode, langcode, stringvalue) VALUES ('ENTANDO_API_METHOD_AUTHORIZATION', 'it', 'Autorizzazione');
INSERT INTO localstrings (keycode, langcode, stringvalue) VALUES ('ENTANDO_API_METHOD_AUTHORIZATION', 'en', 'Authorization');
INSERT INTO localstrings (keycode, langcode, stringvalue) VALUES ('ENTANDO_API_METHOD_AUTH_FREE', 'it', 'Nessuna, questo metodo è pubblico');
INSERT INTO localstrings (keycode, langcode, stringvalue) VALUES ('ENTANDO_API_METHOD_AUTH_FREE', 'en', 'None, this method is public');
INSERT INTO localstrings (keycode, langcode, stringvalue) VALUES ('ENTANDO_API_METHOD_AUTH_WITH_PERM', 'it', 'Utenti registrati con permesso');
INSERT INTO localstrings (keycode, langcode, stringvalue) VALUES ('ENTANDO_API_METHOD_AUTH_WITH_PERM', 'en', 'Registered users with permission');
INSERT INTO localstrings (keycode, langcode, stringvalue) VALUES ('ENTANDO_API_METHOD_AUTH_SIMPLE', 'it', 'Utenti registrati');
INSERT INTO localstrings (keycode, langcode, stringvalue) VALUES ('ENTANDO_API_METHOD_AUTH_SIMPLE', 'en', 'Registered users');
INSERT INTO localstrings (keycode, langcode, stringvalue) VALUES ('ENTANDO_API_METHOD_SCHEMAS', 'it', 'Schema XML');
INSERT INTO localstrings (keycode, langcode, stringvalue) VALUES ('ENTANDO_API_METHOD_SCHEMAS', 'en', 'XML Schemas');
INSERT INTO localstrings (keycode, langcode, stringvalue) VALUES ('ENTANDO_API_METHOD_SCHEMA_REQ', 'it', 'Richiesta');
INSERT INTO localstrings (keycode, langcode, stringvalue) VALUES ('ENTANDO_API_METHOD_SCHEMA_REQ', 'en', 'Request');
INSERT INTO localstrings (keycode, langcode, stringvalue) VALUES ('ENTANDO_API_METHOD_SCHEMA_RESP', 'it', 'Risposta');
INSERT INTO localstrings (keycode, langcode, stringvalue) VALUES ('ENTANDO_API_METHOD_SCHEMA_RESP', 'en', 'Response');
INSERT INTO localstrings (keycode, langcode, stringvalue) VALUES ('ENTANDO_API_METHOD_PARAMS_SUMM', 'it', 'Questa tabella mostra i parametri per la richiesta del metodo. Per ciascuno di essi ci sono tre colonne: il nome del parametro, la descrizione del parametro e l''indicazione di obbligatorietà.');
INSERT INTO localstrings (keycode, langcode, stringvalue) VALUES ('ENTANDO_API_METHOD_PARAMS_SUMM', 'en', 'This table shows the request parameters for this method. For each of them there are three columns: the parameter name, the parameter description and whether if it''s mandatory or not.');
INSERT INTO localstrings (keycode, langcode, stringvalue) VALUES ('ENTANDO_API_METHOD_REQUEST_PARAMS', 'it', 'Parametri');
INSERT INTO localstrings (keycode, langcode, stringvalue) VALUES ('ENTANDO_API_METHOD_REQUEST_PARAMS', 'en', 'Parameters');
INSERT INTO localstrings (keycode, langcode, stringvalue) VALUES ('ENTANDO_API_PARAM_NAME', 'it', 'Nome');
INSERT INTO localstrings (keycode, langcode, stringvalue) VALUES ('ENTANDO_API_PARAM_NAME', 'en', 'Name');
INSERT INTO localstrings (keycode, langcode, stringvalue) VALUES ('ENTANDO_API_PARAM_DESCRIPTION', 'it', 'Descrizione');
INSERT INTO localstrings (keycode, langcode, stringvalue) VALUES ('ENTANDO_API_PARAM_DESCRIPTION', 'en', 'Description');
INSERT INTO localstrings (keycode, langcode, stringvalue) VALUES ('ENTANDO_API_PARAM_REQUIRED', 'it', 'Obbligatorio');
INSERT INTO localstrings (keycode, langcode, stringvalue) VALUES ('ENTANDO_API_PARAM_REQUIRED', 'en', 'Mandatory');
INSERT INTO localstrings (keycode, langcode, stringvalue) VALUES ('YES', 'it', 'Si');
INSERT INTO localstrings (keycode, langcode, stringvalue) VALUES ('YES', 'en', 'Yes');
INSERT INTO localstrings (keycode, langcode, stringvalue) VALUES ('NO', 'it', 'No');
INSERT INTO localstrings (keycode, langcode, stringvalue) VALUES ('NO', 'en', 'No');
INSERT INTO localstrings (keycode, langcode, stringvalue) VALUES ('BOTH', 'it', 'Entrambi');
INSERT INTO localstrings (keycode, langcode, stringvalue) VALUES ('BOTH', 'en', 'Both');
INSERT INTO localstrings (keycode, langcode, stringvalue) VALUES ('ENTANDO_API_GOTO_LIST', 'it', 'Lista delle Risorse API');
INSERT INTO localstrings (keycode, langcode, stringvalue) VALUES ('ENTANDO_API_GOTO_LIST', 'en', 'API Resource List');
INSERT INTO localstrings (keycode, langcode, stringvalue) VALUES ('PAGER_PREV', 'it', 'Indietro');
INSERT INTO localstrings (keycode, langcode, stringvalue) VALUES ('PAGER_PREV', 'en', 'Previous');
INSERT INTO localstrings (keycode, langcode, stringvalue) VALUES ('PAGER_NEXT', 'it', 'Ancora');
INSERT INTO localstrings (keycode, langcode, stringvalue) VALUES ('PAGER_NEXT', 'en', 'Next');
INSERT INTO localstrings (keycode, langcode, stringvalue) VALUES ('PAGER_FIRST', 'it', 'Inizio');
INSERT INTO localstrings (keycode, langcode, stringvalue) VALUES ('PAGER_FIRST', 'en', 'Start');
INSERT INTO localstrings (keycode, langcode, stringvalue) VALUES ('PAGER_LAST', 'it', 'Fine');
INSERT INTO localstrings (keycode, langcode, stringvalue) VALUES ('PAGER_LAST', 'en', 'End');
INSERT INTO localstrings (keycode, langcode, stringvalue) VALUES ('PAGER_STEP_BACKWARD', 'it', 'Indietro di');
INSERT INTO localstrings (keycode, langcode, stringvalue) VALUES ('PAGER_STEP_BACKWARD', 'en', 'Previous');
INSERT INTO localstrings (keycode, langcode, stringvalue) VALUES ('PAGER_STEP_FORWARD', 'it', 'Avanti di');
INSERT INTO localstrings (keycode, langcode, stringvalue) VALUES ('PAGER_STEP_FORWARD', 'en', 'Next');
INSERT INTO localstrings (keycode, langcode, stringvalue) VALUES ('CATEGORY', 'it', 'Categoria');
INSERT INTO localstrings (keycode, langcode, stringvalue) VALUES ('CATEGORY', 'en', 'Category');
INSERT INTO localstrings (keycode, langcode, stringvalue) VALUES ('IGNORE', 'it', 'Ignora');
INSERT INTO localstrings (keycode, langcode, stringvalue) VALUES ('IGNORE', 'en', 'Ignore');
INSERT INTO localstrings (keycode, langcode, stringvalue) VALUES ('ERRORS', 'it', 'Oops! Hai sbagliato qualcosa!');
INSERT INTO localstrings (keycode, langcode, stringvalue) VALUES ('ERRORS', 'en', 'Whoops! You''re doing it wrong!');
INSERT INTO localstrings (keycode, langcode, stringvalue) VALUES ('userprofile_CONFIGURATION','it','Configura il profile');
INSERT INTO localstrings (keycode, langcode, stringvalue) VALUES ('userprofile_CONFIGURATION','en','Edit profile');
INSERT INTO localstrings (keycode, langcode, stringvalue) VALUES ('userprofile_CONFIRM_NEWPASS','it','Conferma nuova password');
INSERT INTO localstrings (keycode, langcode, stringvalue) VALUES ('userprofile_CONFIRM_NEWPASS','en','Confirm new password');
INSERT INTO localstrings (keycode, langcode, stringvalue) VALUES ('userprofile_EDITPASSWORD','it','Modifica Password');
INSERT INTO localstrings (keycode, langcode, stringvalue) VALUES ('userprofile_EDITPASSWORD','en','Edit Password');
INSERT INTO localstrings (keycode, langcode, stringvalue) VALUES ('userprofile_EDITPASSWORD_TITLE','it','Modifica Password');
INSERT INTO localstrings (keycode, langcode, stringvalue) VALUES ('userprofile_EDITPASSWORD_TITLE','en','Edit Password');
INSERT INTO localstrings (keycode, langcode, stringvalue) VALUES ('userprofile_EDITPROFILE_TITLE','it','Modifica profilo');
INSERT INTO localstrings (keycode, langcode, stringvalue) VALUES ('userprofile_EDITPROFILE_TITLE','en','Edit Profile');
INSERT INTO localstrings (keycode, langcode, stringvalue) VALUES ('userprofile_ITEM_MOVEUP','it','Sposta su');
INSERT INTO localstrings (keycode, langcode, stringvalue) VALUES ('userprofile_ITEM_MOVEUP','en','Move up');
INSERT INTO localstrings (keycode, langcode, stringvalue) VALUES ('userprofile_ITEM_MOVEUP_IN','it','Sposta su in posizione');
INSERT INTO localstrings (keycode, langcode, stringvalue) VALUES ('userprofile_ITEM_MOVEUP_IN','en','Move at position');
INSERT INTO localstrings (keycode, langcode, stringvalue) VALUES ('userprofile_ITEM_MOVEDOWN','it','Sposta giu');
INSERT INTO localstrings (keycode, langcode, stringvalue) VALUES ('userprofile_ITEM_MOVEDOWN','en','Move down');
INSERT INTO localstrings (keycode, langcode, stringvalue) VALUES ('userprofile_ITEM_MOVEDOWN_IN','it','Sposta giu in posizione');
INSERT INTO localstrings (keycode, langcode, stringvalue) VALUES ('userprofile_ITEM_MOVEDOWN_IN','en','Move down at position');
INSERT INTO localstrings (keycode, langcode, stringvalue) VALUES ('userprofile_ITEM_REMOVE','it','Rimuovi dalla lista');
INSERT INTO localstrings (keycode, langcode, stringvalue) VALUES ('userprofile_ITEM_REMOVE','en','Remove from list');
INSERT INTO localstrings (keycode, langcode, stringvalue) VALUES ('userprofile_MESSAGE_TITLE_FIELDERRORS','it','Attenzione, si sono verificati i seguenti errori nella compilazione del modulo');
INSERT INTO localstrings (keycode, langcode, stringvalue) VALUES ('userprofile_MESSAGE_TITLE_FIELDERRORS','en','Warning, please check the module');
INSERT INTO localstrings (keycode, langcode, stringvalue) VALUES ('userprofile_NEWPASS','it','Nuova password');
INSERT INTO localstrings (keycode, langcode, stringvalue) VALUES ('userprofile_NEWPASS','en','New password');
INSERT INTO localstrings (keycode, langcode, stringvalue) VALUES ('userprofile_OLDPASSWORD','it','Vecchia password');
INSERT INTO localstrings (keycode, langcode, stringvalue) VALUES ('userprofile_OLDPASSWORD','en','Old password');
INSERT INTO localstrings (keycode, langcode, stringvalue) VALUES ('userprofile_PASSWORD_UPDATED','it','La password è stata aggiornata correttamente.');
INSERT INTO localstrings (keycode, langcode, stringvalue) VALUES ('userprofile_PASSWORD_UPDATED','en','Your password updated successfully.');
INSERT INTO localstrings (keycode, langcode, stringvalue) VALUES ('userprofile_PLEASE_LOGIN','it','E'' necessario effettuare l''accesso');
INSERT INTO localstrings (keycode, langcode, stringvalue) VALUES ('userprofile_PLEASE_LOGIN','en','Please login');
INSERT INTO localstrings (keycode, langcode, stringvalue) VALUES ('userprofile_PLEASE_LOGIN_AGAIN','it','E'' necessario riloggarsi.');
INSERT INTO localstrings (keycode, langcode, stringvalue) VALUES ('userprofile_PLEASE_LOGIN_AGAIN','en','Please logout and login again.');
INSERT INTO localstrings (keycode, langcode, stringvalue) VALUES ('userprofile_PLEASE_LOGIN_TO_EDIT_PASSWORD','it','E'' necessario effettuare l''accesso per cambiare la password');
INSERT INTO localstrings (keycode, langcode, stringvalue) VALUES ('userprofile_PLEASE_LOGIN_TO_EDIT_PASSWORD','en','Please login in order to change your password');
INSERT INTO localstrings (keycode, langcode, stringvalue) VALUES ('userprofile_PROFILE_UPDATED','it','Profilo aggiornato correttamente.');
INSERT INTO localstrings (keycode, langcode, stringvalue) VALUES ('userprofile_PROFILE_UPDATED','en','Your profile is now updated.');
INSERT INTO localstrings (keycode, langcode, stringvalue) VALUES ('userprofile_SAVE_PASSWORD','it','Salva password');
INSERT INTO localstrings (keycode, langcode, stringvalue) VALUES ('userprofile_SAVE_PASSWORD','en','Save password');
INSERT INTO localstrings (keycode, langcode, stringvalue) VALUES ('userprofile_SAVE_PROFILE','it','Salva il profilo');
INSERT INTO localstrings (keycode, langcode, stringvalue) VALUES ('userprofile_SAVE_PROFILE','en','Save profile');
INSERT INTO localstrings (keycode, langcode, stringvalue) VALUES ('userprofile_ADDITEM_LIST','it','Aggiungi nuovo elemento alla lista');
INSERT INTO localstrings (keycode, langcode, stringvalue) VALUES ('userprofile_ADDITEM_LIST','en','Add an element to the list');
INSERT INTO localstrings (keycode, langcode, stringvalue) VALUES ('userprofile_YES','it','Si');
INSERT INTO localstrings (keycode, langcode, stringvalue) VALUES ('userprofile_YES','en','Yes');
INSERT INTO localstrings (keycode, langcode, stringvalue) VALUES ('userprofile_NO','it','No');
INSERT INTO localstrings (keycode, langcode, stringvalue) VALUES ('userprofile_NO','en','No');
INSERT INTO localstrings (keycode, langcode, stringvalue) VALUES ('userprofile_BOTH_YES_AND_NO','it','Indifferente');
INSERT INTO localstrings (keycode, langcode, stringvalue) VALUES ('userprofile_BOTH_YES_AND_NO','en','Both');
INSERT INTO localstrings (keycode, langcode, stringvalue) VALUES ('userprofile_ENTITY_ATTRIBUTE_MANDATORY_SHORT', 'it', '*');
INSERT INTO localstrings (keycode, langcode, stringvalue) VALUES ('userprofile_ENTITY_ATTRIBUTE_MANDATORY_SHORT', 'en', '*');
INSERT INTO localstrings (keycode, langcode, stringvalue) VALUES ('userprofile_ENTITY_ATTRIBUTE_MANDATORY_FULL', 'it', 'Obbligatorio');
INSERT INTO localstrings (keycode, langcode, stringvalue) VALUES ('userprofile_ENTITY_ATTRIBUTE_MANDATORY_FULL', 'en', 'Mandatory');
INSERT INTO localstrings (keycode, langcode, stringvalue) VALUES ('userprofile_ENTITY_ATTRIBUTE_MINLENGTH_SHORT', 'it', 'Min');
INSERT INTO localstrings (keycode, langcode, stringvalue) VALUES ('userprofile_ENTITY_ATTRIBUTE_MINLENGTH_SHORT', 'en', 'Min');
INSERT INTO localstrings (keycode, langcode, stringvalue) VALUES ('userprofile_ENTITY_ATTRIBUTE_MINLENGTH_FULL', 'it', 'Lunghezza Minima');
INSERT INTO localstrings (keycode, langcode, stringvalue) VALUES ('userprofile_ENTITY_ATTRIBUTE_MINLENGTH_FULL', 'en', 'Minimum length');
INSERT INTO localstrings (keycode, langcode, stringvalue) VALUES ('userprofile_ENTITY_ATTRIBUTE_MAXLENGTH_SHORT', 'it', 'Max');
INSERT INTO localstrings (keycode, langcode, stringvalue) VALUES ('userprofile_ENTITY_ATTRIBUTE_MAXLENGTH_SHORT', 'en', 'Max');
INSERT INTO localstrings (keycode, langcode, stringvalue) VALUES ('userprofile_ENTITY_ATTRIBUTE_MAXLENGTH_FULL', 'it', 'Lunghezza Massima');
INSERT INTO localstrings (keycode, langcode, stringvalue) VALUES ('userprofile_ENTITY_ATTRIBUTE_MAXLENGTH_FULL', 'en', 'Maximum length');
INSERT INTO localstrings (keycode, langcode, stringvalue) VALUES ('userprofile_CURRENT_USER_WITHOUT_PROFILE', 'it', 'Utente corrente senza profilo');
INSERT INTO localstrings (keycode, langcode, stringvalue) VALUES ('userprofile_CURRENT_USER_WITHOUT_PROFILE', 'en', 'Current user without profile');
INSERT INTO localstrings (keycode, langcode, stringvalue) VALUES ('ENTANDO_API_SERVICE_KEY','en','Key');
INSERT INTO localstrings (keycode, langcode, stringvalue) VALUES ('ENTANDO_API_SERVICE_KEY','it','Id');
INSERT INTO localstrings (keycode, langcode, stringvalue) VALUES ('ENTANDO_API_SERVICE_PARENT_API','en','Parent API');
INSERT INTO localstrings (keycode, langcode, stringvalue) VALUES ('ENTANDO_API_SERVICE_PARENT_API','it','API Padre');
INSERT INTO localstrings (keycode, langcode, stringvalue) VALUES ('ENTANDO_API_SERVICE_AUTHORIZATION','en','Authorization');
INSERT INTO localstrings (keycode, langcode, stringvalue) VALUES ('ENTANDO_API_SERVICE_AUTHORIZATION','it','Autorizzazione');
INSERT INTO localstrings (keycode, langcode, stringvalue) VALUES ('ENTANDO_API_SERVICE_AUTH_FREE','en','Free');
INSERT INTO localstrings (keycode, langcode, stringvalue) VALUES ('ENTANDO_API_SERVICE_AUTH_FREE','it','Accesso Libero');
INSERT INTO localstrings (keycode, langcode, stringvalue) VALUES ('ENTANDO_API_SERVICE_URI','en','URI');
INSERT INTO localstrings (keycode, langcode, stringvalue) VALUES ('ENTANDO_API_SERVICE_URI','it','URI');
INSERT INTO localstrings (keycode, langcode, stringvalue) VALUES ('ENTANDO_API_SERVICE_PARAMETERS','en','Parameters');
INSERT INTO localstrings (keycode, langcode, stringvalue) VALUES ('ENTANDO_API_SERVICE_PARAMETERS','it','Parametri');



INSERT INTO pagemodels (code, descr, frames, plugincode, templategui) VALUES ('service', 'Service Page', '<frames>
	<frame pos="0">
		<descr>Sample Frame</descr>
	</frame>
</frames>', NULL, '<#assign wp=JspTaglibs["/aps-core"]>
<!DOCTYPE HTML PUBLIC "-//W3C//DTD HTML 4.0 Transitional//EN">
<html>
<head>
	<title><@wp.currentPage param="title" /></title>
</head>
<body>
<h1><@wp.currentPage param="title" /></h1>
<a href="<@wp.url page="homepage" />" >Home</a><br>
<div><@wp.show frame=0 /></div>
</body>
</html>');
INSERT INTO pagemodels (code, descr, frames, plugincode, templategui) VALUES ('home', 'Home Page', NULL, NULL, NULL);




INSERT INTO pages (code, parentcode, pos, groupcode) VALUES ('service', 'homepage', 5, 'free');
INSERT INTO pages (code, parentcode, pos, groupcode) VALUES ('login', 'service', 6, 'free');
INSERT INTO pages (code, parentcode, pos, groupcode) VALUES ('notfound', 'service', 4, 'free');
INSERT INTO pages (code, parentcode, pos, groupcode) VALUES ('errorpage', 'service', 5, 'free');
INSERT INTO pages (code, parentcode, pos, groupcode) VALUES ('homepage', 'homepage', -1, 'free');

INSERT INTO pages_metadata_online (code, titles, modelcode, showinmenu, extraconfig, updatedat) VALUES ('service', '<?xml version="1.0" encoding="UTF-8"?>
<properties>
<property key="it">Pagine di Servizio</property>
<property key="en">Service</property>
</properties>', 'service', 0, NULL, '2017-02-17 13:06:24');
INSERT INTO pages_metadata_online (code, titles, modelcode, showinmenu, extraconfig, updatedat) VALUES ('login', '<?xml version="1.0" encoding="UTF-8"?>
<properties>
<property key="it">Pagina di login</property>
<property key="en">Login</property>
</properties>', 'service', 1, NULL, '2017-02-17 15:32:34');
INSERT INTO pages_metadata_online (code, titles, modelcode, showinmenu, extraconfig, updatedat) VALUES ('notfound', '<?xml version="1.0" encoding="UTF-8"?>
<properties>
<property key="en">Page not found</property>
<property key="it">Pagina non trovata</property>
</properties>', 'service', 1, NULL, '2017-02-17 16:37:10');
INSERT INTO pages_metadata_online (code, titles, modelcode, showinmenu, extraconfig, updatedat) VALUES ('errorpage', '<?xml version="1.0" encoding="UTF-8"?>
<properties>
<property key="en">Error page</property>
<property key="it">Pagina di errore</property>
</properties>', 'service', 1, NULL, '2017-02-17 21:11:54');
INSERT INTO pages_metadata_online (code, titles, modelcode, showinmenu, extraconfig, updatedat) VALUES ('homepage', '<?xml version="1.0" encoding="UTF-8"?>
<properties>
<property key="en">Home</property>
<property key="it">Home</property>
</properties>', 'home', 1, NULL, '2017-02-18 00:12:24');

INSERT INTO pages_metadata_draft (code, titles, modelcode, showinmenu, extraconfig, updatedat) VALUES ('service', '<?xml version="1.0" encoding="UTF-8"?>
<properties>
<property key="it">Pagine di Servizio</property>
<property key="en">Service</property>
</properties>', 'service', 0, NULL, '2017-02-17 13:06:24');
INSERT INTO pages_metadata_draft (code, titles, modelcode, showinmenu, extraconfig, updatedat) VALUES ('login', '<?xml version="1.0" encoding="UTF-8"?>
<properties>
<property key="it">Pagina di login</property>
<property key="en">Login</property>
</properties>', 'service', 1, NULL, '2017-02-17 15:32:34');
INSERT INTO pages_metadata_draft (code, titles, modelcode, showinmenu, extraconfig, updatedat) VALUES ('notfound', '<?xml version="1.0" encoding="UTF-8"?>
<properties>
<property key="en">Page not found</property>
<property key="it">Pagina non trovata</property>
</properties>', 'service', 1, NULL, '2017-02-17 16:37:10');
INSERT INTO pages_metadata_draft (code, titles, modelcode, showinmenu, extraconfig, updatedat) VALUES ('errorpage', '<?xml version="1.0" encoding="UTF-8"?>
<properties>
<property key="en">Error page</property>
<property key="it">Pagina di errore</property>
</properties>', 'service', 1, NULL, '2017-02-17 21:11:54');
INSERT INTO pages_metadata_draft (code, titles, modelcode, showinmenu, extraconfig, updatedat) VALUES ('homepage', '<?xml version="1.0" encoding="UTF-8"?>
<properties>
<property key="en">Home</property>
<property key="it">Home</property>
</properties>', 'home', 1, NULL, '2017-02-18 00:12:24');

INSERT INTO widgetcatalog (code, titles, parameters, plugincode, parenttypecode, defaultconfig, locked, maingroup) VALUES ('messages_system', '<?xml version="1.0" encoding="UTF-8"?>
<properties>
<property key="en">System Messages</property>
<property key="it">Messaggi di Sistema</property>
</properties>', NULL, NULL, NULL, NULL, 1, NULL);
INSERT INTO widgetcatalog (code, titles, parameters, plugincode, parenttypecode, defaultconfig, locked, maingroup) VALUES ('login_form', '<?xml version="1.0" encoding="UTF-8"?>
<properties>
<property key="en">Login Form</property>
<property key="it">Form di Login</property>
</properties>', NULL, NULL, NULL, NULL, 1, NULL);
INSERT INTO widgetcatalog (code, titles, parameters, plugincode, parenttypecode, defaultconfig, locked, maingroup) VALUES ('formAction', '<?xml version="1.0" encoding="UTF-8"?>
<properties>
<property key="en">Internal Servlet</property>
<property key="it">Invocazione di una Servlet Interna</property>
</properties>', '<config>
	<parameter name="actionPath">
		Path to an action or to a JSP. You must prepend ''/ExtStr2'' to any Struts2 action path
	</parameter>
	<action name="configSimpleParameter"/>
</config>', NULL, NULL, NULL, 1, NULL);
INSERT INTO widgetcatalog (code, titles, parameters, plugincode, parenttypecode, defaultconfig, locked, maingroup) VALUES ('entando_apis', '<?xml version="1.0" encoding="UTF-8"?>
<properties>
<property key="en">APIs</property>
<property key="it">APIs</property>
</properties>
', NULL, NULL, 'formAction', '<?xml version="1.0" encoding="UTF-8"?>
<properties>
<property key="actionPath">/ExtStr2/do/Front/Api/Resource/list.action</property>
</properties>
', 1, 'free');
INSERT INTO widgetcatalog (code, titles, parameters, plugincode, parenttypecode, defaultconfig, locked) VALUES ('userprofile_editCurrentUser', '<?xml version="1.0" encoding="UTF-8"?>
<properties>
<property key="en">Edit Current User</property>
<property key="it">Edita Utente Corrente</property>
</properties>', NULL, NULL, 'formAction', '<?xml version="1.0" encoding="UTF-8"?>
<properties>
<property key="actionPath">/ExtStr2/do/Front/CurrentUser/edit.action</property>
</properties>', 1);
INSERT INTO widgetcatalog (code, titles, parameters, plugincode, parenttypecode, defaultconfig, locked) VALUES ('userprofile_editCurrentUser_password', '<?xml version="1.0" encoding="UTF-8"?>
<properties>
<property key="en">Edit Current User Password</property>
<property key="it">Edita Password Utente Corrente</property>
</properties>', NULL, NULL, 'formAction', '<?xml version="1.0" encoding="UTF-8"?>
<properties>
<property key="actionPath">/ExtStr2/do/Front/CurrentUser/editPassword.action</property>
</properties>', 1);
INSERT INTO widgetcatalog (code, titles, parameters, plugincode, parenttypecode, defaultconfig, locked) VALUES ('userprofile_editCurrentUser_profile', '<?xml version="1.0" encoding="UTF-8"?>
<properties>
<property key="en">Edit Current User Profile</property>
<property key="it">Edita Profilo Utente Corrente</property>
</properties>', NULL, NULL, 'formAction', '<?xml version="1.0" encoding="UTF-8"?>
<properties>
<property key="actionPath">/ExtStr2/do/Front/CurrentUser/Profile/edit.action</property>
</properties>', 1);

INSERT INTO guifragment (code, widgettypecode, plugincode, gui, defaultgui, locked) VALUES ('userprofile_editCurrentUser_profile', 'userprofile_editCurrentUser_profile', NULL, NULL, '<#assign s=JspTaglibs["/struts-tags"]>
<#assign wp=JspTaglibs["/aps-core"]>
<#assign wpsa=JspTaglibs["/apsadmin-core"]>
<#assign wpsf=JspTaglibs["/apsadmin-form"]>
<h1><@wp.i18n key="userprofile_EDITPROFILE_TITLE" /></h1>
<#if (Session.currentUser != "guest") >
	<form action="<@wp.action path="/ExtStr2/do/Front/CurrentUser/Profile/save.action" />" method="post" class="form-horizontal">
	<@s.if test="hasFieldErrors()">
		<div class="alert alert-block">
			<p><strong><@wp.i18n key="userprofile_MESSAGE_TITLE_FIELDERRORS" /></strong></p>
			<ul class="unstyled">
				<@s.iterator value="fieldErrors">
					<@s.iterator value="value">
						<li><@s.property escapeHtml=false /></li>
					</@s.iterator>
				</@s.iterator>
			</ul>
		</div>
	</@s.if>
	<@s.set var="lang" value="defaultLang" />
	<@s.iterator value="userProfile.attributeList" var="attribute">
		<@s.if test="%{#attribute.active}">
			<@wpsa.tracerFactory var="attributeTracer" lang="%{#lang.code}" />
				<@s.set var="i18n_attribute_name">userprofile_<@s.property value="userProfile.typeCode" />_<@s.property value="#attribute.name" /></@s.set>
				<@s.set var="attribute_id">userprofile_<@s.property value="#attribute.name" /></@s.set>
				<@wp.fragment code="userprofile_is_IteratorAttribute" escapeXml=false />
		</@s.if>
	</@s.iterator>

	<p class="form-actions">
		<@wp.i18n key="userprofile_SAVE_PROFILE" var="userprofile_SAVE_PROFILE" />
		<@wpsf.submit useTabindexAutoIncrement=true value="%{#attr.userprofile_SAVE_PROFILE}" cssClass="btn btn-primary" />
	</p>

	</form>
<#else>
	<p>
		<@wp.i18n key="userprofile_PLEASE_LOGIN" />
	</p>
</#if>', 1);
INSERT INTO guifragment (code, widgettypecode, plugincode, gui, defaultgui, locked) VALUES ('userprofile_is_front-DateAttribute', NULL, NULL, NULL, '<#assign s=JspTaglibs["/struts-tags"]>
<#assign wp=JspTaglibs["/aps-core"]>
<#assign wpsf=JspTaglibs["/apsadmin-form"]>

<#assign currentLangVar ><@wp.info key="currentLang" /></#assign>

<@s.if test="#attribute.failedDateString == null">
<@s.set var="dateAttributeValue" value="#attribute.getFormattedDate(''dd/MM/yyyy'')" />
</@s.if>
<@s.else>
<@s.set var="dateAttributeValue" value="#attribute.failedDateString" />
</@s.else>
<@wpsf.textfield 
useTabindexAutoIncrement=true id="%{attribute_id}" 
name="%{#attributeTracer.getFormFieldName(#attribute)}" 
value="%{#dateAttributeValue}" maxlength="10" cssClass="text userprofile-date" />
&#32;
<#assign js_for_datepicker="jQuery(function($){
	$.datepicker.regional[''it''] = {
		closeText: ''Chiudi'',
		prevText: ''&#x3c;Prec'',
		nextText: ''Succ&#x3e;'',
		currentText: ''Oggi'',
		monthNames: [''Gennaio'',''Febbraio'',''Marzo'',''Aprile'',''Maggio'',''Giugno'',
			''Luglio'',''Agosto'',''Settembre'',''Ottobre'',''Novembre'',''Dicembre''],
		monthNamesShort: [''Gen'',''Feb'',''Mar'',''Apr'',''Mag'',''Giu'',
			''Lug'',''Ago'',''Set'',''Ott'',''Nov'',''Dic''],
		dayNames: [''Domenica'',''Luned&#236'',''Marted&#236'',''Mercoled&#236'',''Gioved&#236'',''Venerd&#236'',''Sabato''],
		dayNamesShort: [''Dom'',''Lun'',''Mar'',''Mer'',''Gio'',''Ven'',''Sab''],
		dayNamesMin: [''Do'',''Lu'',''Ma'',''Me'',''Gi'',''Ve'',''Sa''],
		weekHeader: ''Sm'',
		dateFormat: ''dd/mm/yy'',
		firstDay: 1,
		isRTL: false,
		showMonthAfterYear: false,
		yearSuffix: ''''};
});

jQuery(function($){
	if (Modernizr.touch && Modernizr.inputtypes.date) {
		$.each(	$(''input.userprofile-date''), function(index, item) {
			item.type = ''date'';
		});
	} else {
		$.datepicker.setDefaults( $.datepicker.regional[''${currentLangVar}''] );
		$(''input.userprofile-date'').datepicker({
      			changeMonth: true,
      			changeYear: true,
      			dateFormat: ''dd/mm/yyyy''
    		});
	}
});" >

<@wp.headInfo type="JS" info="entando-misc-html5-essentials/modernizr-2.5.3-full.js" />
<@wp.headInfo type="JS_EXT" info="http://code.jquery.com/ui/1.10.3/jquery-ui.min.js" />
<@wp.headInfo type="CSS_EXT" info="http://code.jquery.com/ui/1.10.3/themes/smoothness/jquery-ui.min.css" />
<@wp.headInfo type="JS_RAW" info="${js_for_datepicker}" />', 1);
INSERT INTO guifragment (code, widgettypecode, plugincode, gui, defaultgui, locked) VALUES ('userprofile_is_front_attributeInfo-help-block', NULL, NULL, NULL, '<#assign s=JspTaglibs["/struts-tags"]>
<#assign wp=JspTaglibs["/aps-core"]>

<@s.set var="validationRules" value="#attribute.validationRules.ognlValidationRule" />
<@s.set var="hasValidationRulesVar" value="%{#validationRules != null && #validationRules.expression != null}" />

<@s.if test="%{#hasValidationRulesVar || #attribute.type == ''Date'' || (#attribute.textAttribute && (#attribute.minLength != -1 || #attribute.maxLength != -1))}">
		<span class="help-block">
		<@s.if test="#attribute.type == ''Date''">dd/MM/yyyy&#32;</@s.if>
		<@s.if test="%{#validationRules.helpMessageKey != null}">
			<@s.set var="label" scope="page" value="#validationRules.helpMessageKey" /><@wp.i18n key="${label}" />
		</@s.if>
		<@s.elseif test="%{#validationRules.helpMessage != null}">
			<@s.property value="#validationRules.helpMessage" />
		</@s.elseif>
		<@s.if test="#attribute.minLength != -1">
			&#32;
			<abbr title="<@wp.i18n key="userprofile_ENTITY_ATTRIBUTE_MINLENGTH_FULL" />&#32;<@s.property value="#attribute.minLength" />">
				<@wp.i18n key="userprofile_ENTITY_ATTRIBUTE_MINLENGTH_SHORT" />:&#32;<@s.property value="#attribute.minLength" />
			</abbr>
		</@s.if>
		<@s.if test="#attribute.maxLength != -1">
			&#32;
			<abbr title="<@wp.i18n key="userprofile_ENTITY_ATTRIBUTE_MAXLENGTH_FULL" />&#32;<@s.property value="#attribute.maxLength" />">
				<@wp.i18n key="userprofile_ENTITY_ATTRIBUTE_MAXLENGTH_SHORT" />:&#32;<@s.property value="#attribute.maxLength" />
			</abbr>
		</@s.if>
	</span>
</@s.if>', 1);
INSERT INTO guifragment (code, widgettypecode, plugincode, gui, defaultgui, locked) VALUES ('userprofile_is_passwordChanged', NULL, NULL, NULL, '<#assign wp=JspTaglibs["/aps-core"]>
<#assign s=JspTaglibs["/struts-tags"]>

<h1><@wp.i18n key="userprofile_EDITPASSWORD_TITLE" /></h1>
<p class="alert alert-success"><@wp.i18n key="userprofile_PASSWORD_UPDATED" /></p>
<@s.if test="!#session.currentUser.credentialsNonExpired">
	<p class="alert alert-info">
		<a href="<@s.url namespace="/do" action="logout" />" ><@wp.i18n key="userprofile_PLEASE_LOGIN_AGAIN" /></a>
	</p>
</@s.if>', 1);
INSERT INTO guifragment (code, widgettypecode, plugincode, gui, defaultgui, locked) VALUES ('userprofile_is_front-HypertextAttribute', NULL, NULL, NULL, '<#assign s=JspTaglibs["/struts-tags"]>
<#assign wpsf=JspTaglibs["/apsadmin-form"]>

<@wpsf.textarea 
	useTabindexAutoIncrement=true 
	cols="50" 
	rows="3" 
	id="%{#attribute_id}" 
	name="%{#attributeTracer.getFormFieldName(#attribute)}" 
	value="%{#attribute.textMap[#lang.code]}"  />', 1);
INSERT INTO guifragment (code, widgettypecode, plugincode, gui, defaultgui, locked) VALUES ('userprofile_is_front-NumberAttribute', NULL, NULL, NULL, '<#assign s=JspTaglibs["/struts-tags"]>
<#assign wp=JspTaglibs["/aps-core"]>
<#assign wpsf=JspTaglibs["/apsadmin-form"]>

<@s.if test="#attribute.failedNumberString == null">
	<@s.set var="numberAttributeValue" value="#attribute.value"></@s.set>
</@s.if>
<@s.else>
	<@s.set var="numberAttributeValue" value="#attribute.failedNumberString"></@s.set>
</@s.else>
<@wpsf.textfield 
		useTabindexAutoIncrement=true 
		id="%{#attribute_id}" 
		name="%{#attributeTracer.getFormFieldName(#attribute)}" 
		value="%{#numberAttributeValue}"
		maxlength="254" />', 1);
INSERT INTO guifragment (code, widgettypecode, plugincode, gui, defaultgui, locked) VALUES ('userprofile_is_front-BooleanAttribute', NULL, NULL, NULL, '<#assign s=JspTaglibs["/struts-tags"]>
<#assign wp=JspTaglibs["/aps-core"]>
<#assign wpsf=JspTaglibs["/apsadmin-form"]>
<label class="radio inline" for="<@s.property value="%{#attribute_id + ''-true''}" />">
	<@wpsf.radio 
		useTabindexAutoIncrement=true 
		name="%{#attributeTracer.getFormFieldName(#attribute)}" 
		id="%{#attribute_id + ''-true''}" 
		value="true"
		checked="%{#attribute.value == true}" 
		cssClass="radio" />
		<@wp.i18n key="userprofile_YES" />
</label>
&#32;
<label class="radio inline" for="<@s.property value="%{#attribute_id+''-false''}" />">
	<@wpsf.radio 
		useTabindexAutoIncrement=true 
		name="%{#attributeTracer.getFormFieldName(#attribute)}" 
		id="%{#attribute_id + ''-false''}" 
		value="false" 
		checked="%{#attribute.value == false}" 
		cssClass="radio" />
		<@wp.i18n key="userprofile_NO" />
</label>', 1);
INSERT INTO guifragment (code, widgettypecode, plugincode, gui, defaultgui, locked) VALUES ('userprofile_is_front-ThreeStateAttribute', NULL, NULL, NULL, '<#assign s=JspTaglibs["/struts-tags"]>
<#assign wp=JspTaglibs["/aps-core"]>
<#assign wpsf=JspTaglibs["/apsadmin-form"]>
<label class="radio inline" for="<@s.property value="%{#attribute_id + ''-none''}" />">
	<@wpsf.radio 
		useTabindexAutoIncrement=true  
		name="%{#attributeTracer.getFormFieldName(#attribute)}" 
		id="%{#attribute_id + ''-none''}" 
		value="" 
		checked="%{#attribute.booleanValue == null}" 
		cssClass="radio" />
		<@wp.i18n key="userprofile_BOTH_YES_AND_NO" />
</label>
&#32;
<label class="radio inline" for="<@s.property value="%{#attribute_id + ''-true''}" />">
	<@wpsf.radio 
		useTabindexAutoIncrement=true  
		name="%{#attributeTracer.getFormFieldName(#attribute)}" 
		id="%{#attribute_id + ''-true''}" 
		value="true" 
		checked="%{#attribute.booleanValue != null && #attribute.booleanValue == true}"
		cssClass="radio" />
		<@wp.i18n key="userprofile_YES" />
</label>
&#32;
<label class="radio inline" for="<@s.property value="%{#attribute_id + ''-false''}" />">
	<@wpsf.radio 
		useTabindexAutoIncrement=true  
		name="%{#attributeTracer.getFormFieldName(#attribute)}" 
		id="%{#attribute_id + ''-false''}" 
		value="false" 
		checked="%{#attribute.booleanValue != null && #attribute.booleanValue == false}" 
		cssClass="radio" />
		<@wp.i18n key="userprofile_NO" />
</label>', 1);
INSERT INTO guifragment (code, widgettypecode, plugincode, gui, defaultgui, locked) VALUES ('userprofile_is_front_AttributeInfo', NULL, NULL, NULL, '<#assign s=JspTaglibs["/struts-tags"]>
<#assign wp=JspTaglibs["/aps-core"]>

<@s.if test="#attribute.required">
	<abbr class="icon icon-asterisk" title="<@wp.i18n key="userprofile_ENTITY_ATTRIBUTE_MANDATORY_FULL" />"><span class="noscreen"><@wp.i18n key="userprofile_ENTITY_ATTRIBUTE_MANDATORY_SHORT" /></span></abbr>
</@s.if>', 1);
INSERT INTO guifragment (code, widgettypecode, plugincode, gui, defaultgui, locked) VALUES ('userprofile_is_front_AllList_operationModule', NULL, NULL, NULL, '<#assign s=JspTaglibs["/struts-tags"]>
<#assign wp=JspTaglibs["/aps-core"]>
<#assign wpsa=JspTaglibs["/apsadmin-core"]>
<#assign wpsf=JspTaglibs["/apsadmin-form"]>

<@s.if test="null == #operationButtonDisabled">
	<@s.set var="operationButtonDisabled" value="false" />
</@s.if>
<div class="btn-toolbar">
	<div class="btn-group btn-group-sm">
		<@wpsa.actionParam action="moveListElement" var="actionName" >
			<@wpsa.actionSubParam name="attributeName" value="%{#attribute.name}" />
			<@wpsa.actionSubParam name="listLangCode" value="%{#lang.code}" />
			<@wpsa.actionSubParam name="elementIndex" value="%{#elementIndex}" />
			<@wpsa.actionSubParam name="movement" value="UP" />
		</@wpsa.actionParam>
		<@wpsf.submit disabled="%{#operationButtonDisabled}" action="%{#actionName}" type="button" cssClass="btn btn-default" title="%{getText(''label.moveInPositionNumber'')}: %{#elementIndex}">
		<span class="icon fa fa-sort-desc"></span>
		<span class="sr-only"><@s.text name="label.moveInPositionNumber" />: <@s.property value="%{#elementIndex}" /></span>
		</@wpsf.submit>

		<@wpsa.actionParam action="moveListElement" var="actionName" >
			<@wpsa.actionSubParam name="attributeName" value="%{#attribute.name}" />
			<@wpsa.actionSubParam name="listLangCode" value="%{#lang.code}" />
			<@wpsa.actionSubParam name="elementIndex" value="%{#elementIndex}" />
			<@wpsa.actionSubParam name="movement" value="DOWN" />
		</@wpsa.actionParam>
		<@wpsf.submit disabled="%{#operationButtonDisabled}" action="%{#actionName}" type="button" cssClass="btn btn-default" title="%{getText(''label.moveInPositionNumber'')}: %{#elementIndex+2}">
		<span class="icon fa fa-sort-asc"></span>
		<span class="sr-only"><@s.text name="label.moveInPositionNumber" />: <@s.property value="%{#elementIndex}" /></span>
		</@wpsf.submit>
	</div>
	<div class="btn-group btn-group-sm">
		<@wpsa.actionParam action="removeListElement" var="actionName" >
			<@wpsa.actionSubParam name="attributeName" value="%{#attribute.name}" />
			<@wpsa.actionSubParam name="listLangCode" value="%{#lang.code}" />
			<@wpsa.actionSubParam name="elementIndex" value="%{#elementIndex}" />
		</@wpsa.actionParam>
		<@wpsf.submit disabled="%{#operationButtonDisabled}" action="%{#actionName}" type="button" cssClass="btn btn-default btn-warning" title="%{getText(''label.remove'')}: %{#elementIndex}">
		<span class="icon fa fa-times-circle-o"></span>
		<span class="sr-only"><@s.text name="label.remove" />: <@s.property value="%{#elementIndex}" /></span>
		</@wpsf.submit>
	</div>
</div>', 1);
INSERT INTO guifragment (code, widgettypecode, plugincode, gui, defaultgui, locked) VALUES ('userprofile_is_front-AllList-addElementButton', NULL, NULL, NULL, '<#assign s=JspTaglibs["/struts-tags"]>
<#assign wp=JspTaglibs["/aps-core"]>
<#assign wpsa=JspTaglibs["/apsadmin-core"]>
<#assign wpsf=JspTaglibs["/apsadmin-form"]>

<@s.set var="add_label"><@wp.i18n key="userprofile_ADDITEM_LIST" /></@s.set>

<@wpsa.actionParam action="addListElement" var="actionName" >
	<@wpsa.actionSubParam name="attributeName" value="%{#attribute.name}" />
	<@wpsa.actionSubParam name="listLangCode" value="%{#lang.code}" />
</@wpsa.actionParam>
<@s.set var="iconImagePath" id="iconImagePath"><@wp.resourceURL/>administration/common/img/icons/list-add.png</@s.set> 
<@wpsf.submit 
	cssClass="btn"
	useTabindexAutoIncrement=true 
	action="%{#actionName}" 
	value="%{add_label}" 
	title="%{i18n_attribute_name}%{'': ''}%{add_label}" />', 1);
INSERT INTO guifragment (code, widgettypecode, plugincode, gui, defaultgui, locked) VALUES ('userprofile_is_IteratorAttribute', NULL, NULL, NULL, '<#assign s=JspTaglibs["/struts-tags"]>
<#assign wp=JspTaglibs["/aps-core"]>
<#assign wpsa=JspTaglibs["/apsadmin-core"]>
<#assign wpsf=JspTaglibs["/apsadmin-form"]>
<#assign i18n_attribute_name ><@s.property value="#i18n_attribute_name" /></#assign>
<@s.if test="#attribute.type == ''Boolean''">
	<div class="control-group <@s.property value="%{'' attribute-type-''+#attribute.type+'' ''}" />">
		<label class="control-label">
			<@wp.i18n key="${i18n_attribute_name}" />
			<@wp.fragment code="userprofile_is_front_AttributeInfo" escapeXml=false /> 	
		</label>
		<div class="controls">
			<@wp.fragment code="userprofile_is_front-BooleanAttribute" escapeXml=false />
			<@wp.fragment code="userprofile_is_front_attributeInfo-help-block" escapeXml=false />
		</div>
	</div>
</@s.if>
<@s.elseif test="#attribute.type == ''CheckBox''">
	<div class="control-group <@s.property value="%{'' attribute-type-''+#attribute.type+'' ''}" />">
		<label class="control-label" for="<@s.property value="#attribute_id" />">
			<@wp.i18n key="${i18n_attribute_name}" />
			<@wp.fragment code="userprofile_is_front_AttributeInfo" escapeXml=false /> 
		</label>
		<div class="controls">
			<@wp.fragment code="userprofile_is_front-CheckboxAttribute" escapeXml=false />
			<@wp.fragment code="userprofile_is_front_attributeInfo-help-block" escapeXml=false />
		</div>
	</div>
</@s.elseif>	
<@s.elseif test="#attribute.type == ''Composite''">
	<div class="well well-small">
		<fieldset class=" <@s.property value="%{'' attribute-type-''+#attribute.type+'' ''}" />">
			<legend class="margin-medium-top">
				<@wp.i18n key="${i18n_attribute_name}" />
				<@wp.fragment code="userprofile_is_front_AttributeInfo" escapeXml=false />
			</legend>
			<@wp.fragment code="userprofile_is_front_attributeInfo-help-block" escapeXml=false />
			<@wp.fragment code="userprofile_is_front-CompositeAttribute" escapeXml=false />
		</fieldset>
	</div>
</@s.elseif>
<@s.elseif test="#attribute.type == ''Date''">
	<div class="control-group <@s.property value="%{'' attribute-type-''+#attribute.type+'' ''}" />">
		<label class="control-label" for="<@s.property value="#attribute_id" />">
			<@wp.i18n key="${i18n_attribute_name}" />
			<@wp.fragment code="userprofile_is_front_AttributeInfo" escapeXml=false /> 
		</label>
		<div class="controls">
			<@wp.fragment code="userprofile_is_front-DateAttribute" escapeXml=false /> 
			<@wp.fragment code="userprofile_is_front_attributeInfo-help-block" escapeXml=false />
		</div>
	</div>
</@s.elseif>
<@s.elseif test="#attribute.type == ''Enumerator''">
	<div class="control-group <@s.property value="%{'' attribute-type-''+#attribute.type+'' ''}" />">
		<label class="control-label" for="<@s.property value="#attribute_id" />">
			<@wp.i18n key="${i18n_attribute_name}" />
			<@wp.fragment code="userprofile_is_front_AttributeInfo" escapeXml=false /> 
		</label>
		<div class="controls">
			<@wp.fragment code="userprofile_is_front-EnumeratorAttribute" escapeXml=false /> 
			<@wp.fragment code="userprofile_is_front_attributeInfo-help-block" escapeXml=false />
		</div>
	</div>
</@s.elseif>
<@s.elseif test="#attribute.type == ''EnumeratorMap''">
	<div class="control-group <@s.property value="%{'' attribute-type-''+#attribute.type+'' ''}" />">
		<label class="control-label" for="<@s.property value="#attribute_id" />">
			<@wp.i18n key="${i18n_attribute_name}" />
			<@wp.fragment code="userprofile_is_front_AttributeInfo" escapeXml=false /> 
		</label>
		<div class="controls">
			<@wp.fragment code="userprofile_is_front-EnumeratorMapAttribute" escapeXml=false /> 
			<@wp.fragment code="userprofile_is_front_attributeInfo-help-block" escapeXml=false />
		</div>
	</div>
</@s.elseif>
<@s.elseif test="#attribute.type == ''Hypertext''">
	<div class="control-group <@s.property value="%{'' attribute-type-''+#attribute.type+'' ''}" />">
		<label class="control-label" for="<@s.property value="#attribute_id" />">
			<@wp.i18n key="${i18n_attribute_name}" />
			<@wp.fragment code="userprofile_is_front_AttributeInfo" escapeXml=false /> 
		</label>
		<div class="controls">
			<@wp.fragment code="userprofile_is_front-HypertextAttribute" escapeXml=false /> 
			<@wp.fragment code="userprofile_is_front_attributeInfo-help-block" escapeXml=false />
		</div>
	</div>
</@s.elseif>
<@s.elseif test="#attribute.type == ''List''">
	<div class="well well-small">
		<fieldset class=" <@s.property value="%{'' attribute-type-''+#attribute.type+'' ''}" />">
			<legend class="margin-medium-top">
				<@wp.i18n key="${i18n_attribute_name}" />
					<@wp.fragment code="userprofile_is_front_AttributeInfo" escapeXml=false /> 			
			</legend>
			<@wp.fragment code="userprofile_is_front_attributeInfo-help-block" escapeXml=false />
			<@wp.fragment code="userprofile_is_front-MonolistAttribute" escapeXml=false /> 
		</fieldset>
	</div>
</@s.elseif>
<@s.elseif test="#attribute.type == ''Longtext''">
	<div class="control-group <@s.property value="%{'' attribute-type-''+#attribute.type+'' ''}" />">
		<label class="control-label" for="<@s.property value="#attribute_id" />">
			<@wp.i18n key="${i18n_attribute_name}" />
			<@wp.fragment code="userprofile_is_front_AttributeInfo" escapeXml=false />
		</label>
		<div class="controls">
			<@wp.fragment code="userprofile_is_front-LongtextAttribute" escapeXml=false /> 			
			<@wp.fragment code="userprofile_is_front_attributeInfo-help-block" escapeXml=false />
		</div>
	</div>
</@s.elseif>
<@s.elseif test="#attribute.type == ''Monolist''">
	<div class="well well-small">
		<fieldset class=" <@s.property value="%{'' attribute-type-''+#attribute.type+'' ''}" />">
			<legend class="margin-medium-top"><@wp.i18n key="${i18n_attribute_name}" />
				<@wp.fragment code="userprofile_is_front_AttributeInfo" escapeXml=false />
			</legend>
			<@wp.fragment code="userprofile_is_front_attributeInfo-help-block" escapeXml=false />
			<@wp.fragment code="userprofile_is_front-MonolistAttribute" escapeXml=false /> 		
		</fieldset>
	</div>
</@s.elseif>
<@s.elseif test="#attribute.type == ''Monotext''">
	<div class="control-group <@s.property value="%{'' attribute-type-''+#attribute.type+'' ''}" />">
		<label class="control-label" for="<@s.property value="#attribute_id" />">
			<@wp.i18n key="${i18n_attribute_name}" />
			<@wp.fragment code="userprofile_is_front_AttributeInfo" escapeXml=false /> 
		</label>
		<div class="controls">
			<@wp.fragment code="userprofile_is_front-MonotextAttribute" escapeXml=false />
			<@wp.fragment code="userprofile_is_front_attributeInfo-help-block" escapeXml=false />
		</div>
	</div>
</@s.elseif>
<@s.elseif test="#attribute.type == ''Number''">
	<div class="control-group <@s.property value="%{'' attribute-type-''+#attribute.type+'' ''}" />">
		<label class="control-label" for="<@s.property value="#attribute_id" />">
			<@wp.i18n key="${i18n_attribute_name}" />
			<@wp.fragment code="userprofile_is_front_AttributeInfo" escapeXml=false /> 			
		</label>
		<div class="controls">
			<@wp.fragment code="userprofile_is_front-NumberAttribute" escapeXml=false />
			<@wp.fragment code="userprofile_is_front_attributeInfo-help-block" escapeXml=false />
		</div>
	</div>
</@s.elseif>
<@s.elseif test="#attribute.type == ''Text''">
	<div class="control-group <@s.property value="%{'' attribute-type-''+#attribute.type+'' ''}" />">
		<label class="control-label" for="<@s.property value="#attribute_id" />">
			<@wp.i18n key="${i18n_attribute_name}" />
			<@wp.fragment code="userprofile_is_front_AttributeInfo" escapeXml=false /> 
		</label>
		<div class="controls">
			<@wp.fragment code="userprofile_is_front-MonotextAttribute" escapeXml=false />
			<@wp.fragment code="userprofile_is_front_attributeInfo-help-block" escapeXml=false />
		</div>
	</div>
</@s.elseif>
<@s.elseif test="#attribute.type == ''ThreeState''">
	<div class="control-group <@s.property value="%{'' attribute-type-''+#attribute.type+'' ''}" />">
		<label class="control-label" for="<@s.property value="#attribute_id" />">
			<@wp.i18n key="${i18n_attribute_name}" />
			<@wp.fragment code="userprofile_is_front_AttributeInfo" escapeXml=false /> 
		</label>
		<div class="controls">
			<@wp.fragment code="userprofile_is_front-ThreeStateAttribute" escapeXml=false />
			<@wp.fragment code="userprofile_is_front_attributeInfo-help-block" escapeXml=false />
		</div>
	</div>
</@s.elseif>
<@s.else> <#-- for all other types, insert a simple label and a input[type="text"] -->
	<div class="control-group <@s.property value="%{'' attribute-type-''+#attribute.type+'' ''}" />">
		<label class="control-label" for="<@s.property value="attribute_id" />">
			<@wp.i18n key="${i18n_attribute_name}" />
			<@wp.fragment code="userprofile_is_front_AttributeInfo" escapeXml=false /> 
		</label>
		<div class="controls">
			<@wp.fragment code="userprofile_is_front-MonotextAttribute" escapeXml=false />
			<@wp.fragment code="userprofile_is_front_attributeInfo-help-block" escapeXml=false />
		</div>
	</div>
</@s.else>', 1);
INSERT INTO guifragment (code, widgettypecode, plugincode, gui, defaultgui, locked) VALUES ('userprofile_editCurrentUser_password', 'userprofile_editCurrentUser_password', NULL, NULL, '<#assign s=JspTaglibs["/struts-tags"]>
<#assign wp=JspTaglibs["/aps-core"]>
<#assign wpsa=JspTaglibs["/apsadmin-core"]>
<#assign wpsf=JspTaglibs["/apsadmin-form"]>

<h1><@wp.i18n key="userprofile_EDITPASSWORD" /></h1>

<#if (Session.currentUser != "guest") >

	<form action="<@wp.action path="/ExtStr2/do/Front/CurrentUser/changePassword.action" />" method="post" class="form-horizontal">

	<@s.if test="hasFieldErrors()">
		<div class="alert alert-block">
			<p><strong><@wp.i18n key="userprofile_MESSAGE_TITLE_FIELDERRORS" /></strong></p>
			<ul class="unstyled">
				<@s.iterator value="fieldErrors">
					<@s.iterator value="value">
						<li><@s.property escapeHtml=false /></li>
					</@s.iterator>
				</@s.iterator>
			</ul>
		</div>
	</@s.if>

	<p class="noscreen">
		<wpsf:hidden name="username" />
	</p>

	<div class="control-group">
		<label for="userprofile-old-password" class="control-label"><@wp.i18n key="userprofile_OLDPASSWORD" /></label>
		<div class="controls">
			<@wpsf.password 
				useTabindexAutoIncrement=true 
				name="oldPassword" 
				id="userprofile-old-password" />
		</div>
	</div>

	<div class="control-group">
		<label for="userprofile-new-password" class="control-label"><@wp.i18n key="userprofile_NEWPASS" /></label>
		<div class="controls">
			<@wpsf.password 
				useTabindexAutoIncrement=true 
				name="password" 
				id="userprofile-new-password" />
		</div>
	</div>

	<div class="control-group">
		<label for="userprofile-new-password-confirm" class="control-label"><@wp.i18n key="userprofile_CONFIRM_NEWPASS" /></label>
		<div class="controls">
			<@wpsf.password 
				useTabindexAutoIncrement=true 
				name="passwordConfirm" 
				id="userprofile-new-password-confirm" />
		</div>
	</div>

	<p class="form-actions">
		<@wp.i18n key="userprofile_SAVE_PASSWORD" var="userprofile_SAVE_PASSWORD" />
		<@wpsf.submit 
			useTabindexAutoIncrement=true 
			value="%{#attr.userprofile_SAVE_PASSWORD}" 
			cssClass="btn btn-primary" />
	</p>

	</form>
	
<#else>
	<p>
		<@wp.i18n key="userprofile_PLEASE_LOGIN_TO_EDIT_PASSWORD" />
	</p>
</#if>', 1);
INSERT INTO guifragment (code, widgettypecode, plugincode, gui, defaultgui, locked) VALUES ('userprofile_is_front-MonolistAttribute', NULL, NULL, NULL, '<#assign s=JspTaglibs["/struts-tags"]>
<#assign wp=JspTaglibs["/aps-core"]>
<#assign wpsa=JspTaglibs["/apsadmin-core"]>
<#assign wpsf=JspTaglibs["/apsadmin-form"]>
<@s.if test="#attribute.attributes.size() != 0">
	<ul class="unstyled">
</@s.if>

<@s.set var="masterListAttributeTracer" value="#attributeTracer" />
<@s.set var="masterListAttribute" value="#attribute" />

<@s.iterator value="#attribute.attributes" var="attribute" status="elementStatus">
	<@s.set var="attributeTracer" value="#masterListAttributeTracer.getMonoListElementTracer(#elementStatus.index)"></@s.set>
	<@s.set var="elementIndex" value="#elementStatus.index" />
	<@s.set var="i18n_attribute_name">userprofile_ATTR<@s.property value="#attribute.name" /></@s.set>
	<@s.set var="attribute_id">userprofile_<@s.property value="#attribute.name" />_<@s.property value="#elementStatus.count" /></@s.set>

	<li class="control-group  <@s.property value="%{'' attribute-type-''+#attribute.type+'' ''}" />">
		<label class="control-label" for="<@s.property value="#attribute_id" />">
			<@s.if test="#attribute.type == ''Composite''">
				<@s.property value="#elementStatus.count" /><span class="noscreen">&#32;<@s.text name="label.compositeAttribute.element" /></span>
				&#32;
				<@s.if test="#lang.default">
					<@wp.fragment code="userprofile_is_front_AllList_operationModule" escapeXml=false /> 
				</@s.if>
			</@s.if>
			<@s.else>
				<@s.property value="#elementStatus.count" />
				&#32;
				<@wp.fragment code="userprofile_is_front_AllList_operationModule" escapeXml=false /> 
			</@s.else>
		</label>
		<div class="controls">
			<@s.if test="#attribute.type == ''Boolean''">
				<@wp.fragment code="userprofile_is_front-BooleanAttribute" escapeXml=false />
			</@s.if>
			<@s.elseif test="#attribute.type == ''CheckBox''">
				<@wp.fragment code="userprofile_is_front-CheckboxAttribute" escapeXml=false />
			</@s.elseif>
			<@s.elseif test="#attribute.type == ''Composite''">
				<@wp.fragment code="userprofile_is_front-CompositeAttribute" escapeXml=false />
			</@s.elseif>
			<@s.elseif test="#attribute.type == ''Date''">
				<@wp.fragment code="userprofile_is_front-DateAttribute" escapeXml=false /> 
			</@s.elseif>
			<@s.elseif test="#attribute.type == ''Enumerator''">
				<@wp.fragment code="userprofile_is_front-EnumeratorAttribute" escapeXml=false />
			</@s.elseif>
			<@s.elseif test="#attribute.type == ''EnumeratorMap''">
				<@wp.fragment code="userprofile_is_front-EnumeratorMapAttribute" escapeXml=false />
			</@s.elseif>
			<@s.elseif test="#attribute.type == ''Hypertext''">
				<@wp.fragment code="userprofile_is_front-HypertextAttribute" escapeXml=false />
			</@s.elseif>
			<@s.elseif test="#attribute.type == ''Longtext''">
				<@wp.fragment code="userprofile_is_front-LongtextAttribute" escapeXml=false />
			</@s.elseif>
			<@s.elseif test="#attribute.type == ''Monotext''">
				<@wp.fragment code="userprofile_is_front-MonotextAttribute" escapeXml=false />
			</@s.elseif>
			<@s.elseif test="#attribute.type == ''Number''">
				<@wp.fragment code="userprofile_is_front-NumberAttribute" escapeXml=false />
			</@s.elseif>
			<@s.elseif test="#attribute.type == ''ThreeState''">
				<@wp.fragment code="userprofile_is_front-ThreeStateAttribute" escapeXml=false />
			</@s.elseif>
			<@s.elseif test="#attribute.type == ''Text''">
				<@wp.fragment code="userprofile_is_front-MonotextAttribute" escapeXml=false />				
			</@s.elseif>
			<@s.else>
				<@wp.fragment code="userprofile_is_front-MonotextAttribute" escapeXml=false />	
			</@s.else>
			<@wp.fragment code="userprofile_is_front_attributeInfo-help-block" escapeXml=false />
		</div>
	</li>
</@s.iterator>

<@s.set var="attributeTracer" value="#masterListAttributeTracer" />
<@s.set var="attribute" value="#masterListAttribute" />
<@s.set var="elementIndex" value="" />
<@s.if test="#attribute.attributes.size() != 0">
</ul>
</@s.if>
<@s.if test="#lang.default">
	<div class="control-group">
		<div class="controls">
			<@wp.fragment code="userprofile_is_front-AllList-addElementButton" escapeXml=false />				
		</div>
	</div>
</@s.if>', 1);
INSERT INTO guifragment (code, widgettypecode, plugincode, gui, defaultgui, locked) VALUES ('userprofile_is_profileChangeConfirmation', NULL, NULL, NULL, '<#assign wp=JspTaglibs["/aps-core"]>
<h1><@wp.i18n key="userprofile_EDITPROFILE_TITLE" /></h1>
<p><@wp.i18n key="userprofile_PROFILE_UPDATED" /></p>', 1);
INSERT INTO guifragment (code, widgettypecode, plugincode, gui, defaultgui, locked) VALUES ('userprofile_is_entryCurrentProfile', NULL, NULL, NULL, '<#assign s=JspTaglibs["/struts-tags"]>
<#assign wp=JspTaglibs["/aps-core"]>
<#assign wpsa=JspTaglibs["/apsadmin-core"]>
<#assign wpsf=JspTaglibs["/apsadmin-form"]>

<#if (Session.currentUser != "guest") >
<form action="<@wp.action path="/ExtStr2/do/Front/CurrentUser/Profile/save.action" />" method="post" class="form-horizontal">
	<@s.if test="hasFieldErrors()">
		<div class="alert alert-block">
			<p><strong><@wp.i18n key="userprofile_MESSAGE_TITLE_FIELDERRORS" /></strong></p>
			<ul class="unstyled">
				<@s.iterator value="fieldErrors">
					<@s.iterator value="value">
						<li><@s.property escapeHtml=false /></li>
					</@s.iterator>
				</@s.iterator>
			</ul>
		</div>
	</@s.if>
	<@s.set var="lang" value="defaultLang" />
	<@s.iterator value="userProfile.attributeList" var="attribute">
		<@s.if test="%{#attribute.active}">
			<@wpsa.tracerFactory var="attributeTracer" lang="%{#lang.code}" />
			<@s.set var="i18n_attribute_name">userprofile_<@s.property value="userProfile.typeCode" />_<@s.property value="#attribute.name" /></@s.set>
			<@s.set var="attribute_id">userprofile_<@s.property value="#attribute.name" /></@s.set>
			<@wp.fragment code="userprofile_is_IteratorAttribute" escapeXml=false /> 
		</@s.if>
	</@s.iterator>
	<p class="form-actions">
		<@wp.i18n key="userprofile_SAVE_PROFILE" var="userprofile_SAVE_PROFILE" />
		<@wpsf.submit useTabindexAutoIncrement=true value="%{#attr.userprofile_SAVE_PROFILE}" cssClass="btn btn-primary" />
	</p>
</form>
<#else>
	<p><@wp.i18n key="userprofile_PLEASE_LOGIN" /></p>
</#if>', 1);
INSERT INTO guifragment (code, widgettypecode, plugincode, gui, defaultgui, locked) VALUES ('userprofile_is_currentWithoutProfile', NULL, NULL, NULL, '<#assign wp=JspTaglibs["/aps-core"]>
<h1><@wp.i18n key="userprofile_EDITPROFILE_TITLE" /></h1>
<p class="label label-info">
	<@wp.i18n key="userprofile_CURRENT_USER_WITHOUT_PROFILE" />
</p>', 1);
INSERT INTO guifragment (code, widgettypecode, plugincode, gui, defaultgui, locked) VALUES ('userprofile_is_front-CheckboxAttribute', NULL, NULL, NULL, '<#assign s=JspTaglibs["/struts-tags"]>
<#assign wpsf=JspTaglibs["/apsadmin-form"]>

<@wpsf.checkbox useTabindexAutoIncrement=true 
	name="%{#attributeTracer.getFormFieldName(#attribute)}" 
	id="%{attribute_id}" value="%{#attribute.value == true}"/>', 1);
INSERT INTO guifragment (code, widgettypecode, plugincode, gui, defaultgui, locked) VALUES ('userprofile_is_front-MonotextAttribute', NULL, NULL, NULL, '<#assign wpsf=JspTaglibs["/apsadmin-form"]>
<@wpsf.textfield useTabindexAutoIncrement=true id="%{attribute_id}" 
	name="%{#attributeTracer.getFormFieldName(#attribute)}" value="%{#attribute.getTextForLang(#lang.code)}"
	maxlength="254" />', 1);
INSERT INTO guifragment (code, widgettypecode, plugincode, gui, defaultgui, locked) VALUES ('userprofile_is_front-LongtextAttribute', NULL, NULL, NULL, '<#assign wpsf=JspTaglibs["/apsadmin-form"]>
<@wpsf.textarea useTabindexAutoIncrement=true cols="30" rows="5" id="%{attribute_id}" name="%{#attributeTracer.getFormFieldName(#attribute)}" value="%{#attribute.getTextForLang(#lang.code)}" />', 1);
INSERT INTO guifragment (code, widgettypecode, plugincode, gui, defaultgui, locked) VALUES ('userprofile_is_front-CompositeAttribute', NULL, NULL, NULL, '<#assign s=JspTaglibs["/struts-tags"]>
<#assign wp=JspTaglibs["/aps-core"]>
<#assign wpsa=JspTaglibs["/apsadmin-core"]>
<#assign wpsf=JspTaglibs["/apsadmin-form"]>
<@s.set var="i18n_parent_attribute_name" value="#attribute.name" />
<@s.set var="masterCompositeAttributeTracer" value="#attributeTracer" />
<@s.set var="masterCompositeAttribute" value="#attribute" />
<@s.iterator value="#attribute.attributes" var="attribute">
	<@s.set var="attributeTracer" value="#masterCompositeAttributeTracer.getCompositeTracer(#masterCompositeAttribute)"></@s.set>
	<@s.set var="parentAttribute" value="#masterCompositeAttribute"></@s.set>
	<@s.set var="i18n_attribute_name">userprofile_ATTR<@s.property value="%{i18n_parent_attribute_name}" /><@s.property value="#attribute.name" /></@s.set>
	<@s.set var="attribute_id">userprofile_<@s.property value="%{i18n_parent_attribute_name}" /><@s.property value="#attribute.name" />_<@s.property value="#elementIndex" /></@s.set>
	<@wp.fragment code="userprofile_is_IteratorAttribute" escapeXml=false />
</@s.iterator>
<@s.set var="attributeTracer" value="#masterCompositeAttributeTracer" />
<@s.set var="attribute" value="#masterCompositeAttribute" />
<@s.set var="parentAttribute" value=""></@s.set>', 1);
INSERT INTO guifragment (code, widgettypecode, plugincode, gui, defaultgui, locked) VALUES ('userprofile_is_front-EnumeratorAttribute', NULL, NULL, NULL, '<#assign s=JspTaglibs["/struts-tags"]>
<#assign wpsf=JspTaglibs["/apsadmin-form"]>
<@wpsf.select useTabindexAutoIncrement=true
	name="%{#attributeTracer.getFormFieldName(#attribute)}"
	id="%{attribute_id}"  
	headerKey="" headerValue="" 
	list="#attribute.items" value="%{#attribute.getText()}" />', 1);
INSERT INTO guifragment (code, widgettypecode, plugincode, gui, defaultgui, locked) VALUES ('userprofile_is_front-EnumeratorMapAttribute', NULL, NULL, NULL, '<#assign s=JspTaglibs["/struts-tags"]>
<#assign wpsf=JspTaglibs["/apsadmin-form"]>
<@wpsf.select useTabindexAutoIncrement=true
	name="%{#attributeTracer.getFormFieldName(#attribute)}"
	id="%{attribute_id}"  
	headerKey="" headerValue="" 
	list="#attribute.mapItems" value="%{#attribute.getText()}" listKey="key" listValue="value" />', 1);
INSERT INTO guifragment (code, widgettypecode, plugincode, gui, defaultgui, locked) VALUES ('entandoapi_is_resource_list', 'entando_apis', NULL, NULL, '<#assign s=JspTaglibs["/struts-tags"]>
<#assign wp=JspTaglibs["/aps-core"]>

<h2><@wp.i18n key="ENTANDO_API_RESOURCES" /></h2>
<@s.if test="hasActionErrors()">
	<div class="alert alert-block alert-error">
		<h3 class="alert-heading"><@wp.i18n key="ENTANDO_API_ERROR" /></h3>
		<ul>
			<@s.iterator value="actionErrors">
				<li><@s.property escapeHtml=false /></li>
			</@s.iterator>
		</ul>
	</div>
</@s.if>
<@s.set var="resourceFlavoursVar" value="resourceFlavours" />

<@s.if test="#resourceFlavoursVar.size() > 0">
	<@s.set var="icon_free"><span class="icon icon-ok"></span><span class="noscreen sr-only"><@wp.i18n key="ENTANDO_API_METHOD_STATUS_FREE" /></span></@s.set>
	<@s.set var="title_free"><@wp.i18n key="ENTANDO_API_METHOD_STATUS_FREE" />. <@wp.i18n key="ENTANDO_API_GOTO_DETAILS" /></@s.set>

	<@s.set var="icon_auth"><span class="icon icon-user"></span><span class="noscreen sr-only"><@wp.i18n key="ENTANDO_API_METHOD_STATUS_AUTH" /></span></@s.set>
	<@s.set var="title_auth"><@wp.i18n key="ENTANDO_API_METHOD_STATUS_AUTH" />. <@wp.i18n key="ENTANDO_API_GOTO_DETAILS" /></@s.set>

	<@s.set var="icon_lock"><span class="icon icon-lock"></span><span class="noscreen sr-only"><@wp.i18n key="ENTANDO_API_METHOD_STATUS_LOCK" /></span></@s.set>
	<@s.set var="title_lock"><@wp.i18n key="ENTANDO_API_METHOD_STATUS_LOCK" />. <@wp.i18n key="ENTANDO_API_GOTO_DETAILS" /></@s.set>

	<@s.iterator var="resourceFlavourVar" value="#resourceFlavoursVar" status="resourceFlavourStatusVar">
		<table class="table table-striped table-bordered table-condensed">
			<@s.iterator value="#resourceFlavourVar" var="resourceVar" status="statusVar" >
				<@s.if test="#statusVar.first">
					<@s.if test="#resourceVar.source==''core''"><@s.set var="captionVar"><@s.property value="#resourceVar.source" escapeHtml=false /></@s.set></@s.if>
					<@s.else><@s.set var="captionVar"><@s.property value="%{getText(#resourceVar.sectionCode+''.name'')}" escapeHtml=false /></@s.set></@s.else>
					<caption>
						<@s.property value="#captionVar" />
					</caption>
					<tr>
						<th class="span3"><@wp.i18n key="ENTANDO_API_RESOURCE" /></th>
						<th><@wp.i18n key="ENTANDO_API_DESCRIPTION" /></th>
						<th class="text-center span1">GET</th>
						<th class="text-center span1">POST</th>
						<th class="text-center span1">PUT</th>
						<th class="text-center span1">DELETE</th>
					</tr>
				</@s.if>
				<tr>
					<td>
						<@wp.action path="/ExtStr2/do/Front/Api/Resource/detail.action" var="detailActionURL">
							<@wp.parameter name="resourceName"><@s.property value="#resourceVar.resourceName" /></@wp.parameter>
							<@wp.parameter name="namespace"><@s.property value="#resourceVar.namespace" /></@wp.parameter>
						</@wp.action>
						<a title="<@wp.i18n key="ENTANDO_API_GOTO_DETAILS" />:&#32;/<@s.property value="%{#resourceVar.namespace.length()>0?#resourceVar.namespace+''/'':''''}" /><@s.property value="#resourceVar.resourceName" />" href="${detailActionURL}" ><@s.property value="#resourceVar.resourceName" /></a>
					</td>
					<td><@s.property value="#resourceVar.description" /></td>
					<td class="text-center">
						<@s.if test="#resourceVar.getMethod != null && #resourceVar.getMethod.active && (!#resourceVar.getMethod.hidden)" >
							<@s.if test="#resourceVar.getMethod.requiredPermission != null" ><@s.set var="icon" value="#icon_lock" /><@s.set var="title" value="#title_lock" /></@s.if>
							<@s.elseif test="#resourceVar.getMethod.requiredAuth" ><@s.set var="icon" value="#icon_auth" /><@s.set var="title" value="#title_auth" /></@s.elseif>
							<@s.else><@s.set var="icon" value="#icon_free" /><@s.set var="title" value="#title_free" /></@s.else>
							<a href="${detailActionURL}#api_method_GET" title="<@s.property value="#title" />">
								<@s.property value="#icon" escapeHtml=false />
							</a>
						</@s.if>
						<@s.else><abbr title="<@wp.i18n key="ENTANDO_API_METHOD_STATUS_NA" />">&ndash;</abbr></@s.else>
					</td>
					<td class="text-center">
						<@s.if test="#resourceVar.postMethod != null && #resourceVar.postMethod.active && (!#resourceVar.postMethod.hidden)" >
							<@s.if test="#resourceVar.postMethod.requiredPermission != null" ><@s.set var="icon" value="#icon_lock" /><@s.set var="title" value="#title_lock" /></@s.if>
							<@s.elseif test="#resourceVar.postMethod.requiredAuth" ><@s.set var="icon" value="#icon_auth" /><@s.set var="title" value="#title_auth" /></@s.elseif>
							<@s.else><@s.set var="icon" value="#icon_free" /><@s.set var="title" value="#title_free" /></@s.else>
							<a href="${detailActionURL}#api_method_POST" title="<@s.property value="#title" />">
								<@s.property value="#icon" escapeHtml=false />
							</a>
						</@s.if>
						<@s.else><abbr title="<@wp.i18n key="ENTANDO_API_METHOD_STATUS_NA" />">&ndash;</abbr></@s.else>
					</td>
					<td class="text-center">
						<@s.if test="#resourceVar.putMethod != null && #resourceVar.putMethod.active && (!#resourceVar.putMethod.hidden)" >
							<@s.if test="#resourceVar.putMethod.requiredPermission != null" ><@s.set var="icon" value="#icon_lock" /><@s.set var="title" value="#title_lock" /></@s.if>
							<@s.elseif test="#resourceVar.putMethod.requiredAuth" ><@s.set var="icon" value="#icon_auth" /><@s.set var="title" value="#title_auth" /></@s.elseif>
							<@s.else><@s.set var="icon" value="#icon_free" /><@s.set var="title" value="#title_free" /></@s.else>
							<a href="${detailActionURL}#api_method_PUT" title="<@s.property value="#title" />">
								<@s.property value="#icon" escapeHtml=false />
							</a>
						</@s.if>
						<@s.else><abbr title="<@wp.i18n key="ENTANDO_API_METHOD_STATUS_NA" />">&ndash;</abbr></@s.else>
					</td>
					<td class="text-center">
						<@s.if test="#resourceVar.deleteMethod != null && #resourceVar.deleteMethod.active && (!#resourceVar.deleteMethod.hidden)" >
							<@s.if test="#resourceVar.deleteMethod.requiredPermission != null" ><@s.set var="icon" value="#icon_lock" /><@s.set var="title" value="#title_lock" /></@s.if>
							<@s.elseif test="#resourceVar.deleteMethod.requiredAuth" ><@s.set var="icon" value="#icon_auth" /><@s.set var="title" value="#title_auth" /></@s.elseif>
							<@s.else><@s.set var="icon" value="#icon_free" /><@s.set var="title" value="#title_free" /></@s.else>
							<a href="${detailActionURL}#api_method_DELETE" title="<@s.property value="#title" />">
								<@s.property value="#icon" escapeHtml=false />
							</a>
						</@s.if>
						<@s.else><abbr title="<@wp.i18n key="ENTANDO_API_METHOD_STATUS_NA" />">&ndash;</abbr></@s.else>
					</td>
				</tr>
			</@s.iterator>
		</table>

		<@s.if test="#resourceVar.source==''core''">
			<a href="<@wp.action path="/ExtStr2/do/Front/Api/Service/list.action" />" class="btn btn-primary pull-right"><@wp.i18n key="ENTANDO_API_GOTO_SERVICE_LIST" /></a>
		</@s.if>
	</@s.iterator>
</@s.if>
<@s.else>
	<p><@wp.i18n key="ENTANDO_API_NO_RESOURCES" /></p>
</@s.else>
<script>
  $(function () {
    $(''#api-togglers a:first'').tab(''show'');
  })
</script>', 1);
INSERT INTO guifragment (code, widgettypecode, plugincode, gui, defaultgui, locked) VALUES ('entandoapi_is_resource_detail', 'entando_apis', NULL, NULL, '<#assign s=JspTaglibs["/struts-tags"]>
<#assign wp=JspTaglibs["/aps-core"]>

<@s.set var="apiResourceVar" value="apiResource" />
<@s.set var="GETMethodVar" value="#apiResourceVar.getMethod" />
<@s.set var="POSTMethodVar" value="#apiResourceVar.postMethod" />
<@s.set var="PUTMethodVar" value="#apiResourceVar.putMethod" />
<@s.set var="DELETEMethodVar" value="#apiResourceVar.deleteMethod" />
<@s.set var="apiNameVar" value="(#apiResourceVar.namespace!=null && #apiResourceVar.namespace.length()>0 ? ''/'' + #apiResourceVar.namespace : '''')+''/''+#apiResourceVar.resourceName" />
<section>
<p>
	<a href="<@wp.action path="/ExtStr2/do/Front/Api/Resource/list.action" />" class="btn btn-primary"><i class="icon-arrow-left icon-white"></i>&#32;<@wp.i18n key="ENTANDO_API_GOTO_LIST" /></a>
</p>
<h2><@wp.i18n key="ENTANDO_API_RESOURCE" />&#32;<@s.property value="#apiNameVar" /></h2>
<@s.if test="hasActionMessages()">
	<div class="alert alert-box alert-success">
		<h3 class="alert-heading"><@wp.i18n key="ENTANDO_API_ERROR" /></h3>
		<ul>
			<@s.iterator value="actionMessages">
				<li><@s.property escapeHtml=false /></li>
			</@s.iterator>
		</ul>
	</div>
</@s.if>
<@s.if test="hasActionErrors()">
	<div class="alert alert-box alert-error">
		<h3 class="alert-heading"><@wp.i18n key="ENTANDO_API_ERROR" /></h3>
		<ul>
			<@s.iterator value="actionErrors">
				<li><@s.property escapeHtml=false /></li>
			</@s.iterator>
		</ul>
	</div>
</@s.if>
<!-- DESCRIPTION -->
<p><@s.property value="#apiResourceVar.description" /></p>

<!-- INFO -->
<dl class="dl-horizontal">
	<dt><@wp.i18n key="ENTANDO_API_RESOURCE_NAME" /></dt>
		<dd><@s.property value="#apiResourceVar.resourceName" /></dd>
	<dt><span lang="en"><@wp.i18n key="ENTANDO_API_RESOURCE_NAMESPACE" /></span></dt>
		<dd>/<@s.property value="#apiResourceVar.namespace" /></dd>
	<dt><@wp.i18n key="ENTANDO_API_RESOURCE_SOURCE" /></dt>
		<dd>
			<@s.property value="#apiResourceVar.source" /><@s.if test="%{#apiResourceVar.pluginCode != null && #apiResourceVar.pluginCode.length() > 0}">,&#32;<@s.property value="%{getText(#apiResourceVar.pluginCode+''.name'')}" />&#32;(<@s.property value="%{#apiResourceVar.pluginCode}" />)</@s.if>
		</dd>
	<dt><@wp.i18n key="ENTANDO_API_RESOURCE_URI" /></dt>
		<dd>
			<a href="<@wp.info key="systemParam" paramName="applicationBaseURL" />api/rs/<@wp.info key="currentLang" /><@s.if test="null != #apiResourceVar.namespace">/<@s.property value="#apiResourceVar.namespace" /></@s.if>/<@s.property value="#apiResourceVar.resourceName" />"><@wp.info key="systemParam" paramName="applicationBaseURL" />api/rs/<@wp.info key="currentLang" /><@s.if test="null != #apiResourceVar.namespace">/<@s.property value="#apiResourceVar.namespace" /></@s.if>/<@s.property value="#apiResourceVar.resourceName" /></a>
		</dd>
	<dt>
		<@wp.i18n key="ENTANDO_API_EXTENSION" />
	</dt>
		<dd>
			<@wp.i18n key="ENTANDO_API_EXTENSION_NOTE" />
		</dd>
</dl>

	<@s.set var="methodVar" value="#GETMethodVar" />
	<@s.set var="currentMethodNameVar" value="%{''GET''}" />
	<h3 id="api_method_GET">GET</h3>
	<@wp.fragment code="entandoapi_is_resource_detail_include" escapeXml=false />

	<@s.set var="methodVar" value="#POSTMethodVar" />
	<@s.set var="currentMethodNameVar" value="%{''POST''}" />
	<h3 id="api_method_POST">POST</h3>
	<@wp.fragment code="entandoapi_is_resource_detail_include" escapeXml=false />

	<@s.set var="methodVar" value="#PUTMethodVar" />
	<@s.set var="currentMethodNameVar" value="%{''PUT''}" />
	<h3 id="api_method_PUT">PUT</h3>
	<@wp.fragment code="entandoapi_is_resource_detail_include" escapeXml=false />

	<@s.set var="methodVar" value="#DELETEMethodVar" />
	<@s.set var="currentMethodNameVar" value="%{''DELETE''}" />
	<h3 id="api_method_DELETE">DELETE</h3>
	<@wp.fragment code="entandoapi_is_resource_detail_include" escapeXml=false />
<p>
	<a href="<@wp.action path="/ExtStr2/do/Front/Api/Resource/list.action" />" class="btn btn-primary"><i class="icon-arrow-left icon-white"></i>&#32;<@wp.i18n key="ENTANDO_API_GOTO_LIST" /></a>
</p>
</section>', 1);
INSERT INTO guifragment (code, widgettypecode, plugincode, gui, defaultgui, locked) VALUES ('entandoapi_is_resource_detail_include', NULL, NULL, '', '<#assign s=JspTaglibs["/struts-tags"]>
<#assign wp=JspTaglibs["/aps-core"]>

<@s.if test="#methodVar == null">
	<p>
		<@s.property value="#currentMethodNameVar" />,&#32;<@wp.i18n key="ENTANDO_API_METHOD_KO" />
	</p>
</@s.if>
<@s.else>
	<dl class="dl-horizontal">
		<dt>
			<@wp.i18n key="ENTANDO_API_METHOD" />
		</dt>
			<dd>
				<@wp.i18n key="ENTANDO_API_METHOD_OK" />
			</dd>
		<@s.if test="#methodVar != null">
			<dt>
				<@wp.i18n key="ENTANDO_API_DESCRIPTION" />
			</dt>
				<dd><@s.property value="#methodVar.description" /></dd>
			<dt>
				<@wp.i18n key="ENTANDO_API_METHOD_AUTHORIZATION" />
			</dt>
				<dd>
					<@s.if test="%{null != #methodVar.requiredPermission}">
						<@s.iterator value="methodAuthorityOptions" var="permission"><@s.if test="#permission.key==#methodVar.requiredPermission"><@s.property value="#permission.value" /></@s.if></@s.iterator>
					</@s.if>
					<@s.elseif test="%{#methodVar.requiredAuth}">
						<@wp.i18n key="ENTANDO_API_METHOD_AUTH_SIMPLE" />
					</@s.elseif>
					<@s.else>
						<@wp.i18n key="ENTANDO_API_METHOD_AUTH_FREE" />
					</@s.else>
				</dd>
			<@s.if test=''%{!#methodVar.resourceName.equalsIgnoreCase("getService")}'' >
			<dt>
				<@wp.i18n key="ENTANDO_API_METHOD_SCHEMAS" />
			</dt>
				<dd class="schemas">
					<@s.if test=''%{#methodVar.httpMethod.toString().equalsIgnoreCase("POST") || #methodVar.httpMethod.toString().equalsIgnoreCase("PUT")}''>
						<@wp.action path="/ExtStr2/do/Front/Api/Resource/requestSchema.action" var="requestSchemaURLVar" >
							<@wp.parameter name="resourceName"><@s.property value="#methodVar.resourceName" /></@wp.parameter>
							<@wp.parameter name="namespace"><@s.property value="#methodVar.namespace" /></@wp.parameter>
							<@wp.parameter name="httpMethod"><@s.property value="#methodVar.httpMethod" /></@wp.parameter>
						</@wp.action>
						<a href="${requestSchemaURLVar}" >
							<@wp.i18n key="ENTANDO_API_METHOD_SCHEMA_REQ" />
						</a>
						<br />
					</@s.if>
						<@wp.action path="/ExtStr2/do/Front/Api/Resource/responseSchema.action" var="responseSchemaURLVar" >
							<@wp.parameter name="resourceName"><@s.property value="#methodVar.resourceName" /></@wp.parameter>
							<@wp.parameter name="namespace"><@s.property value="#methodVar.namespace" /></@wp.parameter>
							<@wp.parameter name="httpMethod"><@s.property value="#methodVar.httpMethod" /></@wp.parameter>
						</@wp.action>
						<a href="${responseSchemaURLVar}" >
							<@wp.i18n key="ENTANDO_API_METHOD_SCHEMA_RESP" />
						</a>
				</dd>
			</@s.if>
		</@s.if>
	</dl>
	<@s.if test="#methodVar != null">
		<@s.set var="methodParametersVar" value="#methodVar.parameters" />
		<@s.if test="null != #methodParametersVar && #methodParametersVar.size() > 0">
			<table class="table table-striped table-bordered table-condensed">
				<caption><@wp.i18n key="ENTANDO_API_METHOD_REQUEST_PARAMS" /></caption>
				<tr>
					<th><@wp.i18n key="ENTANDO_API_PARAM_NAME" /></th>
					<th><@wp.i18n key="ENTANDO_API_PARAM_DESCRIPTION" /></th>
					<th><@wp.i18n key="ENTANDO_API_PARAM_REQUIRED" /></th>
				</tr>
				<@s.iterator value="#methodParametersVar" var="apiParameter" >
					<tr>
						<td><@s.property value="#apiParameter.key" /></td>
						<td><@s.property value="#apiParameter.description" /></td>
						<td class="icon required_<@s.property value="#apiParameter.required" />">
							<@s.if test="#apiParameter.required">
								<@wp.i18n key="YES" />
							</@s.if>
							<@s.else>
								<@wp.i18n key="NO" />
							</@s.else>
						</td>
					</tr>
				</@s.iterator>
			</table>
		</@s.if>
	</@s.if>
</@s.else>', 1);
INSERT INTO guifragment (code, widgettypecode, plugincode, gui, defaultgui, locked) VALUES ('entandoapi_is_service_list', 'entando_apis', NULL, NULL, '<#assign s=JspTaglibs["/struts-tags"]>
<#assign wp=JspTaglibs["/aps-core"]>

<section>

<p>
	<a href="<@wp.action path="/ExtStr2/do/Front/Api/Resource/list.action" />" class="btn btn-primary"><i class="icon-arrow-left icon-white"></i>&#32;<@wp.i18n key="ENTANDO_API_GOTO_LIST" /></a>
</p>

<h2><@wp.i18n key="ENTANDO_API_GOTO_SERVICE_LIST" /></h2>
<@s.if test="hasActionErrors()">
	<div class="alert alert-block alert-error">
		<h3 class="alert-heading"><@s.text name="message.title.ActionErrors" /></h3>
		<ul>
			<@s.iterator value="actionErrors">
				<li><@s.property escapeHtml=false /></li>
			</@s.iterator>
		</ul>
	</div>
</@s.if>
<@s.if test="hasFieldErrors()">
	<div class="alert alert-block alert-error">
		<h3 class="alert-heading"><@s.text name="message.title.FieldErrors" /></h3>
		<ul>
			<@s.iterator value="fieldErrors">
				<@s.iterator value="value">
				<li><@s.property escapeHtml=false /></li>
				</@s.iterator>
			</@s.iterator>
		</ul>
	</div>
</@s.if>
<@s.if test="hasActionMessages()">
	<div class="alert alert-block alert-info">
		<h3 class="alert-heading"><@s.text name="messages.confirm" /></h3>
		<ul>
			<@s.iterator value="actionMessages">
				<li><@s.property escapeHtml=false /></li>
			</@s.iterator>
		</ul>
	</div>
</@s.if>
<@s.set var="resourceFlavoursVar" value="resourceFlavours" />
<@s.set var="serviceFlavoursVar" value="serviceFlavours" />

<@s.if test="#serviceFlavoursVar != null && #serviceFlavoursVar.size() > 0">
<div class="tabbable tabs-left">
	<ul class="nav nav-tabs">
		<@s.iterator var="resourceFlavour" value="#resourceFlavoursVar" status="statusVar">
			<@s.set var="serviceGroupVar" value="#resourceFlavour.get(0).getSectionCode()" />
			<@s.set var="servicesByGroupVar" value="#serviceFlavoursVar[#serviceGroupVar]" />
			<@s.if test="null != #servicesByGroupVar && #servicesByGroupVar.size() > 0">
				<@s.if test="#serviceGroupVar == ''core''"><@s.set var="captionVar" value="%{#serviceGroupVar}" /></@s.if>
				<@s.else><@s.set var="captionVar" value="%{getText(#serviceGroupVar + ''.name'')}" /></@s.else>
				<li<@s.if test="#statusVar.first"> class="active"</@s.if>>
					<a href="#api-flavour-<@s.property value=''%{#captionVar.toLowerCase().replaceAll("[^a-z0-9-]", "")}'' />" data-toggle="tab"><@s.property value=''%{#captionVar}'' /></a>
				</li>
			</@s.if>
		</@s.iterator>
	</ul>

  <div class="tab-content">
	<@s.iterator var="resourceFlavour" value="#resourceFlavoursVar" status="moreStatusVar">
		<@s.set var="serviceGroupVar" value="#resourceFlavour.get(0).getSectionCode()" />
		<@s.set var="servicesByGroupVar" value="#serviceFlavoursVar[#serviceGroupVar]" />
		<@s.if test="null != #servicesByGroupVar && #servicesByGroupVar.size() > 0">
			<@s.if test="#serviceGroupVar == ''core''"><@s.set var="captionVar" value="%{#serviceGroupVar}" /></@s.if>
			<@s.else><@s.set var="captionVar" value="%{getText(#serviceGroupVar + ''.name'')}" /></@s.else>
			<div class="tab-pane<@s.if test="#moreStatusVar.first"> active</@s.if>" id="api-flavour-<@s.property value=''%{#captionVar.toLowerCase().replaceAll("[^a-z0-9]", "")}'' />">
			<table class="table table-striped table-bordered table-condensed">
				<caption>
					<@s.property value="#captionVar" />
				</caption>
				<tr>
					<th><@wp.i18n key="ENTANDO_API_SERVICE" /></th>
					<th><@wp.i18n key="ENTANDO_API_DESCRIPTION" /></th>
				</tr>
				<@s.iterator var="serviceVar" value="#servicesByGroupVar" >
					<tr>
						<td class="monospace">
							<@wp.action path="/ExtStr2/do/Front/Api/Service/detail.action" var="detailActionURL">
								<@wp.parameter name="serviceKey"><@s.property value="#serviceVar.key" /></@wp.parameter>
							</@wp.action>
							<a href="${detailActionURL}"><@s.property value="#serviceVar.key" /></a>
						</td>
						<td><@s.property value="#serviceVar.value" /></td>
					</tr>
				</@s.iterator>
			</table>
			</div>
		</@s.if>
	</@s.iterator>
	</div>
</div>
</@s.if>
<@s.else>
<div class="alert alert-block alert-info">
	<p><@wp.i18n key="ENTANDO_API_NO_SERVICES" escapeXml=false /></p>
</div>
</@s.else>

<p>
	<a href="<@wp.action path="/ExtStr2/do/Front/Api/Resource/list.action" />" class="btn btn-primary"><i class="icon-arrow-left icon-white"></i>&#32;<@wp.i18n key="ENTANDO_API_GOTO_LIST" /></a>
</p>

</section>', 1);
INSERT INTO guifragment (code, widgettypecode, plugincode, gui, defaultgui, locked) VALUES ('entandoapi_is_service_detail', 'entando_apis', NULL, NULL, '<#assign s=JspTaglibs["/struts-tags"]>
<#assign wp=JspTaglibs["/aps-core"]>

<@wp.headInfo type="CSS" info="widgets/api.css"/>
<@s.set var="apiServiceVar" value="%{getApiService(serviceKey)}" />
<div class="entando-api api-resource-detail">
<h2><@wp.i18n key="ENTANDO_API_SERVICE" />&#32;<@s.property value="serviceKey" /></h2>
<@s.if test="hasActionMessages()">
	<div class="message message_confirm">
		<h3><@wp.i18n key="ENTANDO_API_ERROR" /></h3>
		<ul>
			<@s.iterator value="actionMessages">
				<li><@s.property escapeHtml=false /></li>
			</@s.iterator>
		</ul>
	</div>
</@s.if>
<@s.if test="hasActionErrors()">
	<div class="message message_error">
		<h3><@wp.i18n key="ENTANDO_API_ERROR" /></h3>
		<ul>
			<@s.iterator value="actionErrors">
				<li><@s.property escapeHtml=false /></li>
			</@s.iterator>
		</ul>
	</div>
</@s.if>

<p class="description"><@s.property value="getTitle(serviceKey, #apiServiceVar.description)" /></p>

<@s.set var="masterMethodVar" value="#apiServiceVar.master" />

<dl class="dl-horizontal">
	<dt><@wp.i18n key="ENTANDO_API_SERVICE_KEY" /></dt>
		<dd><@s.property value="serviceKey" /></dd>
	<dt><@wp.i18n key="ENTANDO_API_SERVICE_PARENT_API" /></dt>
		<dd><@s.property value="#masterMethodVar.description" />&#32;(/<@s.if test="#masterMethodVar.namespace!=null && #masterMethodVar.namespace.length()>0"><@s.property value="#masterMethodVar.namespace" />/</@s.if><@s.property value="#masterMethodVar.resourceName" />)</dd>
	<dt>
		<@wp.i18n key="ENTANDO_API_SERVICE_AUTHORIZATION" />
	</dt>
		<dd>
			<@s.if test="%{!#apiServiceVar.requiredAuth}" >
				<@wp.i18n key="ENTANDO_API_SERVICE_AUTH_FREE" />
			</@s.if>
			<@s.elseif test="%{null == #apiServiceVar.requiredPermission && null == #apiServiceVar.requiredGroup}">
				<@wp.i18n key="ENTANDO_API_SERVICE_AUTH_SIMPLE" />
			</@s.elseif>
			<@s.else>
				<@s.set var="serviceAuthGroupVar" value="%{getGroup(#apiServiceVar.requiredGroup)}" />
				<@s.set var="serviceAuthPermissionVar" value="%{getPermission(#apiServiceVar.requiredPermission)}" />
				<@s.if test="%{null != #serviceAuthPermissionVar}">
					<@wp.i18n key="ENTANDO_API_SERVICE_AUTH_WITH_PERM" />&#32;<@s.property value="#serviceAuthPermissionVar.description" />
				</@s.if>
				<@s.if test="%{null != #serviceAuthGroupVar}">
					<@s.if test="%{null != #serviceAuthPermissionVar}"><br /></@s.if>
					<@wp.i18n key="ENTANDO_API_SERVICE_AUTH_WITH_GROUP" />&#32;<@s.property value="#serviceAuthGroupVar.descr" />
				</@s.if>
			</@s.else>
		</dd>
	<dt><@wp.i18n key="ENTANDO_API_SERVICE_URI" /></dt>
		<dd>
			<a href="<@wp.info key="systemParam" paramName="applicationBaseURL" />api/rs/<@wp.info key="currentLang" />/getService?key=<@s.property value="serviceKey" />"><@wp.info key="systemParam" paramName="applicationBaseURL" />api/rs/<@wp.info key="currentLang" />/getService?key=<@s.property value="serviceKey" /></a>
		</dd>
	<dt>
		<@wp.i18n key="ENTANDO_API_EXTENSION" />
	</dt>
		<dd>
			<@wp.i18n key="ENTANDO_API_EXTENSION_NOTE" />
		</dd>
	<dt>
		<@wp.i18n key="ENTANDO_API_SERVICE_SCHEMAS" />
	</dt>
		<dd class="schemas">
			<@wp.action path="/ExtStr2/do/Front/Api/Service/responseSchema.action" var="responseSchemaURLVar" >
				<@wp.parameter name="serviceKey"><@s.property value="serviceKey" /></@wp.parameter>
			</@wp.action>
			<a href="${responseSchemaURLVar}" >
				<@wp.i18n key="ENTANDO_API_SERVICE_SCHEMA_RESP" />
			</a>
		</dd>
</dl>

<@s.if test="%{null != #apiServiceVar.freeParameters && #apiServiceVar.freeParameters.length > 0}" >
<table class="table table-striped table-bordered table-condensed" summary="<@wp.i18n key="ENTANDO_API_SERVICE_PARAMETERS_SUMMARY" />">
	<caption><span><@wp.i18n key="ENTANDO_API_SERVICE_PARAMETERS" /></span></caption>
	<tr>
		<th><@wp.i18n key="ENTANDO_API_SERVICE_PARAM_NAME" /></th>
		<th><@wp.i18n key="ENTANDO_API_SERVICE_PARAM_DESCRIPTION" /></th>
		<th><@wp.i18n key="ENTANDO_API_SERVICE_PARAM_REQUIRED" /></th>
		<th><@wp.i18n key="ENTANDO_API_SERVICE_PARAM_DEFAULT_VALUE" /></th>
	</tr>
	<@s.iterator value="#apiServiceVar.freeParameters" var="apiParameterNameVar" >
		<@s.set var="apiParameterValueVar" value="%{#apiServiceVar.parameters[#apiParameterNameVar]}" />
		<@s.set var="apiParameterVar" value="%{#apiServiceVar.master.getParameter(#apiParameterNameVar)}" />
		<@s.set var="apiParameterRequiredVar" value="%{#apiParameterVar.required && null == #apiParameterValueVar}" />
		<tr>
			<td><label for="<@s.property value="#apiParameterNameVar" />"><@s.property value="#apiParameterNameVar" /></label></td>
			<td><@s.property value="%{#apiParameterVar.description}" /></td>
			<td class="icon required_<@s.property value="#apiParameterRequiredVar" />">
				<@s.if test="#apiParameterRequiredVar" ><@wp.i18n key="YES" /></@s.if>
				<@s.else><@wp.i18n key="NO" /></@s.else>
			</td>
			<td><@s.if test="null != #apiParameterValueVar"><@s.property value="#apiParameterValueVar" /></@s.if><@s.else>-</@s.else></td>
		</tr>
	</@s.iterator>
</table>
</@s.if>
<p class="api-back">
	<a class="btn btn-primary" href="<@wp.action path="/ExtStr2/do/Front/Api/Resource/list.action" />"><span class="icon-arrow-left icon-white"></span>&#32;<@wp.i18n key="ENTANDO_API_GOTO_LIST" /></a>
</p>
</div>', 1);
INSERT INTO guifragment (code, widgettypecode, plugincode, gui, defaultgui, locked) VALUES ('login_form', 'login_form', NULL, NULL, '<#assign wp=JspTaglibs["/aps-core"]>
<h1><@wp.i18n key="RESERVED_AREA" /></h1>
<#if (Session.currentUser.username != "guest") >
	<p><@wp.i18n key="WELCOME" />, <em>${Session.currentUser}</em>!</p>
	<#if (Session.currentUser.entandoUser) >
	<table class="table table-condensed">
		<tr>
			<th><@wp.i18n key="USER_DATE_CREATION" /></th>
			<th><@wp.i18n key="USER_DATE_ACCESS_LAST" /></th>
			<th><@wp.i18n key="USER_DATE_PASSWORD_CHANGE_LAST" /></th>
		</tr>
		<tr>
			<td>${Session.currentUser.creationDate?default("-")}</td>
			<td>${Session.currentUser.lastAccess?default("-")}</td>
			<td>${Session.currentUser.lastPasswordChange?default("-")}</td>
		</tr>
	</table>
		<#if (!Session.currentUser.credentialsNotExpired) >
		<div class="alert alert-block">
			<p><@wp.i18n key="USER_STATUS_EXPIRED_PASSWORD" />: <a href="<@wp.info key="systemParam" paramName="applicationBaseURL" />do/editPassword.action"><@wp.i18n key="USER_STATUS_EXPIRED_PASSWORD_CHANGE" /></a></p>
		</div>
		</#if>
	</#if>
	<@wp.ifauthorized permission="enterBackend">
	<div class="btn-group">
		<a href="<@wp.info key="systemParam" paramName="applicationBaseURL" />do/main.action?request_locale=<@wp.info key="currentLang" />" class="btn"><@wp.i18n key="ADMINISTRATION" /></a>
	</div>
	</@wp.ifauthorized>
	<p class="pull-right"><a href="<@wp.info key="systemParam" paramName="applicationBaseURL" />do/logout.action" class="btn"><@wp.i18n key="LOGOUT" /></a></p>
	<@wp.pageWithWidget widgetTypeCode="userprofile_editCurrentUser" var="userprofileEditingPageVar" listResult=false />
	<#if (userprofileEditingPageVar??) >
	<p><a href="<@wp.url page="${userprofileEditingPageVar.code}" />" ><@wp.i18n key="userprofile_CONFIGURATION" /></a></p>
	</#if>
<#else>
	<#if (accountExpired?? && accountExpired == true) >
	<div class="alert alert-block alert-error">
		<p><@wp.i18n key="USER_STATUS_EXPIRED" /></p>
	</div>
	</#if>
	<#if (wrongAccountCredential?? && wrongAccountCredential == true) >
	<div class="alert alert-block alert-error">
		<p><@wp.i18n key="USER_STATUS_CREDENTIALS_INVALID" /></p>
	</div>
	</#if>
	<form action="<@wp.url/>" method="post" class="form-horizontal margin-medium-top">
		<#if (RequestParameters.returnUrl??) >
		<input type="hidden" name="returnUrl" value="${RequestParameters.returnUrl}" />
		</#if>
		<div class="control-group">
			<label for="username" class="control-label"><@wp.i18n key="USERNAME" /></label>
			<div class="controls">
				<input id="username" type="text" name="username" class="input-xlarge" />
			</div>
		</div>
		<div class="control-group">
			<label for="password" class="control-label"><@wp.i18n key="PASSWORD" /></label>
			<div class="controls">
				<input id="password" type="password" name="password" class="input-xlarge" />
			</div>
		</div>
		<div class="form-actions">
			<input type="submit" value="<@wp.i18n key="SIGNIN" />" class="btn btn-primary" />
		</div>
	</form>
</#if>', 1);
INSERT INTO guifragment (code, widgettypecode, plugincode, gui, defaultgui, locked) VALUES ('internal_servlet_generic_error', NULL, NULL, NULL, '<#assign wp=JspTaglibs["/aps-core"]>
<@wp.i18n key="GENERIC_ERROR" />', 1);
INSERT INTO guifragment (code, widgettypecode, plugincode, gui, defaultgui, locked) VALUES ('internal_servlet_user_not_allowed', NULL, NULL, NULL, '<#assign wp=JspTaglibs["/aps-core"]>
<@wp.i18n key="USER_NOT_ALLOWED" />', 1);
INSERT INTO guifragment (code, widgettypecode, plugincode, gui, defaultgui, locked) VALUES ('messages_system', 'messages_system', NULL, NULL, '<#assign wp=JspTaglibs["/aps-core"]>

<#assign currentPageCode><@wp.currentPage param="code" /></#assign>

<#if (currentPageCode == ''notfound'')>
<div class="alert alert-error alert-block">
	<h1 class="alert-heading"><@wp.i18n key="PAGE_NOT_FOUND" escapeXml=false /></h1>
</div>
</#if>
<#if (currentPageCode == ''errorpage'')>
<div class="alert alert-error alert-block">
	<h1 class="alert-heading"><@wp.i18n key="GENERIC_ERROR" escapeXml=false /></h1>
</div>
</#if>', 1);
INSERT INTO guifragment (code, widgettypecode, plugincode, gui, defaultgui, locked) VALUES ('default_pagerBlock', NULL, NULL, NULL, '<#assign wp=JspTaglibs["/aps-core"]>

<#if (group.size > group.max)>
	<div class="pagination pagination-centered">
		<ul>
		<#if (1 != group.currItem)>
			<#if (group.advanced)>
				<li><a href="<@wp.url paramRepeat=true ><@wp.parameter name="${group.paramItemName}" >1</@wp.parameter></@wp.url>" title="<@wp.i18n key="PAGER_FIRST" />"><i class="icon-fast-backward"></i></a></li>
				<#if (1 != group.beginItemAnchor)>
					<li><a href="<@wp.url paramRepeat=true ><@wp.parameter name="${group.paramItemName}" >${group.currItem - group.offset}</@wp.parameter></@wp.url>" title="<@wp.i18n key="PAGER_STEP_BACKWARD" />&#32;${group.offset}"><i class="icon-step-backward"></i></a></li>
				</#if>
			</#if>
			<li><a href="<@wp.url paramRepeat=true ><@wp.parameter name="${group.paramItemName}" >${group.prevItem}</@wp.parameter></@wp.url>"><@wp.i18n key="PAGER_PREV" /></a></li>
		</#if>
		<#list group.items as item>
		<#if (item_index >= (group.beginItemAnchor-1)) && (item_index <= (group.endItemAnchor-1))>
			<#if (item == group.currItem)>
			<li class="active"><a href="#">${item}</a></li>
			<#else>
			<li><a href="<@wp.url paramRepeat=true ><@wp.parameter name="${group.paramItemName}" >${item}</@wp.parameter></@wp.url>">${item}</a></li>
			</#if>
		</#if>
		</#list>
		<#if (group.maxItem != group.currItem)>
			<li><a href="<@wp.url paramRepeat=true ><@wp.parameter name="${group.paramItemName}" >${group.nextItem}</@wp.parameter></@wp.url>"><@wp.i18n key="PAGER_NEXT" /></a></li>
			<#if (group.advanced)>
				<#if (group.maxItem != group.endItemAnchor)>
					<li><a href="<@wp.url paramRepeat=true ><@wp.parameter name="${group.paramItemName}" >${group.currItem + group.offset}</@wp.parameter></@wp.url>" title="<@wp.i18n key="PAGER_STEP_FORWARD" />&#32;${group.offset}"><i class="icon-step-forward"></i></a></li>
				</#if>
				<li><a href="<@wp.url paramRepeat=true ><@wp.parameter name="${group.paramItemName}" >${group.maxItem}</@wp.parameter></@wp.url>" title="<@wp.i18n key="PAGER_LAST" />"><i class="icon-fast-forward"></i></a></li>
			</#if>
		</#if>
		</ul>
	</div>
</#if>', 1);
INSERT INTO guifragment (code, widgettypecode, plugincode, gui, defaultgui, locked) VALUES ('default_pagerInfo_is', NULL, NULL, NULL, '<#assign s=JspTaglibs["/struts-tags"]>
<p><@s.text name="note.searchIntro" />&#32;<@s.property value="#group.size" />&#32;<@s.text name="note.searchOutro" />.<br />
<@s.text name="label.page" />: [<@s.property value="#group.currItem" />/<@s.property value="#group.maxItem" />].</p>', 1);
INSERT INTO guifragment (code, widgettypecode, plugincode, gui, defaultgui, locked) VALUES ('default_pagerFormBlock_is', NULL, NULL, NULL, '<#assign wpsf=JspTaglibs["/apsadmin-form"]>
<#assign s=JspTaglibs["/struts-tags"]>
<@s.if test="#group.size > #group.max">
<ul class="pagination">
	<@s.if test="null != #group.pagerId">
		<@s.set var="pagerIdMarker" value="#group.pagerId" />
	</@s.if>
	<@s.else>
		<@s.set var="pagerIdMarker">pagerItem</@s.set>
	</@s.else>
	<@s.if test="#group.advanced">
	<li>
		<@wpsf.submit name="%{#pagerIdMarker + ''_1''}" type="button" disabled="%{1 == #group.currItem}" title="%{getText(''label.goToFirst'')}">
			<span class="icon fa fa-step-backward"></span>
		</@wpsf.submit>
	</li>
	<li>
		<@wpsf.submit name="%{#pagerIdMarker + ''_'' + (#group.currItem - #group.offset) }" type="button" disabled="%{1 == #group.beginItemAnchor}" title="%{getText(''label.jump'') + '' '' + #group.offset + '' '' + getText(''label.backward'')}">
			<span class="icon fa fa-fast-backward"></span>
		</@wpsf.submit>
	</li>
	</@s.if>
	<li>
		<@wpsf.submit name="%{#pagerIdMarker + ''_'' + #group.prevItem}" type="button" title="%{getText(''label.prev.full'')}" disabled="%{1 == #group.currItem}">
			<span class="icon fa fa-long-arrow-left"></span>
		</@wpsf.submit>
	</li>
	<@s.subset source="#group.items" count="#group.endItemAnchor-#group.beginItemAnchor+1" start="#group.beginItemAnchor-1">
		<@s.iterator id="item">
			<li>
				<@wpsf.submit name="%{#pagerIdMarker + ''_'' + #item}" type="button" disabled="%{#item == #group.currItem}">
					<@s.property value="%{#item}" />
				</@wpsf.submit>
			</li>
		</@s.iterator>
	</@s.subset>
	<li>
		<@wpsf.submit name="%{#pagerIdMarker + ''_'' + #group.nextItem}" type="button" title="%{getText(''label.next.full'')}" disabled="%{#group.maxItem == #group.currItem}">
			<span class="icon fa fa-long-arrow-right"></span>
		</@wpsf.submit>
	</li>
	<@s.if test="#group.advanced">
	<@s.set var="jumpForwardStep" value="#group.currItem + #group.offset"></@s.set>
	<li>
		<@wpsf.submit name="%{#pagerIdMarker + ''_'' + (#jumpForwardStep)}" type="button" disabled="%{#group.maxItem == #group.endItemAnchor}" title="%{getText(''label.jump'') + '' '' + #group.offset + '' '' + getText(''label.forward'')}">
			<span class="icon fa fa-fast-forward"></span>
		</@wpsf.submit>
	</li>
	<li>
		<@wpsf.submit name="%{#pagerIdMarker + ''_'' + #group.size}" type="button" disabled="%{#group.maxItem == #group.currItem}" title="%{getText(''label.goToLast'')}">
			<span class="icon fa fa-step-forward"></span>
		</@wpsf.submit>
	</li>
	</@s.if>
	<@s.set var="pagerIdMarker" value="null" />
</ul>
</@s.if>', 1);



INSERT INTO sysconfig (version, item, descr, config) VALUES ('production', 'langs', 'Definition of the system languages', '<?xml version="1.0" encoding="UTF-8"?>
<Langs>
	<Lang>
		<code>it</code>
		<descr>Italiano</descr>
	</Lang>
	<Lang>
		<code>en</code>
		<descr>English</descr>
		<default>true</default>
	</Lang>
</Langs>
');
INSERT INTO sysconfig (version, item, descr, config) VALUES ('production', 'params', 'Configuration params.', '<?xml version="1.0" encoding="UTF-8"?>
<Params>
	<Param name="urlStyle">classic</Param>
	<Param name="hypertextEditor">none</Param>
	<Param name="treeStyle_page">classic</Param>
	<Param name="treeStyle_category">classic</Param>
	<Param name="startLangFromBrowser">false</Param>
	<Param name="firstTimeMessages">false</Param>
	<Param name="baseUrl">request</Param>
	<Param name="baseUrlContext">true</Param>
        <Param name="useJsessionId">false</Param>
	<Param name="gravatarIntegrationEnabled">false</Param>
        <Param name="editEmptyFragmentEnabled">false</Param>
	<SpecialPages>
		<Param name="notFoundPageCode">notfound</Param>
		<Param name="homePageCode">homepage</Param>
		<Param name="errorPageCode">errorpage</Param>
		<Param name="loginPageCode">login</Param>
	</SpecialPages>
	<FeaturesOnDemand>
		<Param name="groupsOnDemand">true</Param>
		<Param name="categoriesOnDemand">true</Param>
		<Param name="contentTypesOnDemand">true</Param>
		<Param name="contentModelsOnDemand">true</Param>
		<Param name="apisOnDemand">true</Param>
		<Param name="resourceArchivesOnDemand">true</Param>
	</FeaturesOnDemand>
	<ExtendendPrivacyModule>
		<Param name="extendedPrivacyModuleEnabled">false</Param>
		<Param name="maxMonthsSinceLastAccess">6</Param>
		<Param name="maxMonthsSinceLastPasswordChange">3</Param>
	</ExtendendPrivacyModule>
</Params>
');
INSERT INTO sysconfig (version, item, descr, config) values ('production', 'userProfileTypes', 'User Profile Types Definitions', '<?xml version="1.0" encoding="UTF-8"?>
<profiletypes>
	<profiletype typecode="PFL" typedescr="Default user profile">
		<attributes>
			<attribute name="fullname" attributetype="Monotext" description="Full Name" searchable="true">
				<validations>
					<required>true</required>
				</validations>
				<roles>
					<role>userprofile:fullname</role>
				</roles>
			</attribute>
			<attribute name="email" attributetype="Monotext" description="Email" searchable="true">
				<validations>
					<required>true</required>
					<regexp><![CDATA[.+@.+.[a-z]+]]></regexp>
				</validations>
				<roles>
					<role>userprofile:email</role>
				</roles>
			</attribute>
		</attributes>
	</profiletype>
</profiletypes>');



INSERT INTO uniquekeys (id, keyvalue) VALUES (1, 1);
